date;year;daynumber;biogas_usage
2019-02-06T00:00:00Z;2019;1132;7441493
2019-02-05T00:00:00Z;2019;1131;7700597
2019-02-04T00:00:00Z;2019;1130;7761418
2019-02-03T00:00:00Z;2019;1129;7972045
2019-02-02T00:00:00Z;2019;1128;8002378
2019-02-01T00:00:00Z;2019;1127;7974259
2019-01-31T00:00:00Z;2019;1126;7651540
2019-01-30T00:00:00Z;2019;1125;7311403
2019-01-29T00:00:00Z;2019;1124;7531935
2019-01-28T00:00:00Z;2019;1123;7575636
2019-01-27T00:00:00Z;2019;1122;7604164
2019-01-26T00:00:00Z;2019;1121;7636049
2019-01-25T00:00:00Z;2019;1120;7571315
2019-01-24T00:00:00Z;2019;1119;7650698
2019-01-23T00:00:00Z;2019;1118;7224661
2019-01-22T00:00:00Z;2019;1117;7459201
2019-01-21T00:00:00Z;2019;1116;7290636
2019-01-20T00:00:00Z;2019;1115;7535149
2019-01-19T00:00:00Z;2019;1114;7652005
2019-01-18T00:00:00Z;2019;1113;7278170
2019-01-17T00:00:00Z;2019;1112;6853184
2019-01-16T00:00:00Z;2019;1111;6974734
2019-01-15T00:00:00Z;2019;1110;6984834
2019-01-14T00:00:00Z;2019;1109;7126348
2019-01-13T00:00:00Z;2019;1108;7385985
2019-01-12T00:00:00Z;2019;1107;7717450
2019-01-11T00:00:00Z;2019;1106;7613237
2019-01-10T00:00:00Z;2019;1105;7463164
2019-01-09T00:00:00Z;2019;1104;7531460
2019-01-08T00:00:00Z;2019;1103;7388769
2019-01-07T00:00:00Z;2019;1102;7866399
2019-01-06T00:00:00Z;2019;1101;7542599
2019-01-05T00:00:00Z;2019;1100;7616535
2019-01-04T00:00:00Z;2019;1099;7590088
2019-01-03T00:00:00Z;2019;1098;7186682
2019-01-02T00:00:00Z;2019;1097;7195361
2019-01-01T00:00:00Z;2019;1096;6966720
2018-12-31T00:00:00Z;2018;1095;7024760
2018-12-30T00:00:00Z;2018;1094;7240306
2018-12-29T00:00:00Z;2018;1093;7358755
2018-12-28T00:00:00Z;2018;1092;7343486
2018-12-27T00:00:00Z;2018;1091;6911645
2018-12-26T00:00:00Z;2018;1090;6991440
2018-12-25T00:00:00Z;2018;1089;7258825
2018-12-24T00:00:00Z;2018;1088;7390777
2018-12-23T00:00:00Z;2018;1087;7220915
2018-12-22T00:00:00Z;2018;1086;7033646
2018-12-21T00:00:00Z;2018;1085;7009674
2018-12-20T00:00:00Z;2018;1084;7185928
2018-12-19T00:00:00Z;2018;1083;7479741
2018-12-18T00:00:00Z;2018;1082;7665112
2018-12-17T00:00:00Z;2018;1081;7594058
2018-12-16T00:00:00Z;2018;1080;7656466
2018-12-15T00:00:00Z;2018;1079;7818575
2018-12-14T00:00:00Z;2018;1078;7767228
2018-12-13T00:00:00Z;2018;1077;7369848
2018-12-12T00:00:00Z;2018;1076;7064850
2018-12-11T00:00:00Z;2018;1075;7076013
2018-12-10T00:00:00Z;2018;1074;7438357
2018-12-09T00:00:00Z;2018;1073;7514952
2018-12-08T00:00:00Z;2018;1072;7432060
2018-12-07T00:00:00Z;2018;1071;7518162
2018-12-06T00:00:00Z;2018;1070;7035000
2018-12-05T00:00:00Z;2018;1069;7378401
2018-12-04T00:00:00Z;2018;1068;7263829
2018-12-03T00:00:00Z;2018;1067;7127113
2018-12-02T00:00:00Z;2018;1066;7233419
2018-12-01T00:00:00Z;2018;1065;7375864
2018-11-30T00:00:00Z;2018;1064;7416902
2018-11-29T00:00:00Z;2018;1063;7190037
2018-11-28T00:00:00Z;2018;1062;6975195
2018-11-27T00:00:00Z;2018;1061;7118440
2018-11-26T00:00:00Z;2018;1060;7170494
2018-11-25T00:00:00Z;2018;1059;7223799
2018-11-24T00:00:00Z;2018;1058;7384210
2018-11-23T00:00:00Z;2018;1057;7331632
2018-11-22T00:00:00Z;2018;1056;7477636
2018-11-21T00:00:00Z;2018;1055;7178855
2018-11-20T00:00:00Z;2018;1054;7179704
2018-11-19T00:00:00Z;2018;1053;7222217
2018-11-18T00:00:00Z;2018;1052;7401530
2018-11-17T00:00:00Z;2018;1051;7414182
2018-11-16T00:00:00Z;2018;1050;7142030
2018-11-15T00:00:00Z;2018;1049;7115960
2018-11-14T00:00:00Z;2018;1048;6764730
2018-11-13T00:00:00Z;2018;1047;6668407
2018-11-12T00:00:00Z;2018;1046;6665575
2018-11-11T00:00:00Z;2018;1045;6675365
2018-11-10T00:00:00Z;2018;1044;6873716
2018-11-09T00:00:00Z;2018;1043;6993893
2018-11-08T00:00:00Z;2018;1042;6725506
2018-11-07T00:00:00Z;2018;1041;6284211
2018-11-06T00:00:00Z;2018;1040;6351223
2018-11-05T00:00:00Z;2018;1039;6376773
2018-11-04T00:00:00Z;2018;1038;6933245
2018-11-03T00:00:00Z;2018;1037;6932493
2018-11-02T00:00:00Z;2018;1036;6692142
2018-11-01T00:00:00Z;2018;1035;6717770
2018-10-31T00:00:00Z;2018;1034;6578148
2018-10-30T00:00:00Z;2018;1033;6583794
2018-10-29T00:00:00Z;2018;1032;6500810
2018-10-28T00:00:00Z;2018;1031;6712428
2018-10-27T00:00:00Z;2018;1030;6816580
2018-10-26T00:00:00Z;2018;1029;6508793
2018-10-25T00:00:00Z;2018;1028;6422805
2018-10-24T00:00:00Z;2018;1027;6541834
2018-10-23T00:00:00Z;2018;1026;6531323
2018-10-22T00:00:00Z;2018;1025;6293416
2018-10-21T00:00:00Z;2018;1024;6498137
2018-10-20T00:00:00Z;2018;1023;6726630
2018-10-19T00:00:00Z;2018;1022;6621594
2018-10-18T00:00:00Z;2018;1021;6264153
2018-10-17T00:00:00Z;2018;1020;6555274
2018-10-16T00:00:00Z;2018;1019;6451152
2018-10-15T00:00:00Z;2018;1018;6471985
2018-10-14T00:00:00Z;2018;1017;6665731
2018-10-13T00:00:00Z;2018;1016;6670300
2018-10-12T00:00:00Z;2018;1015;6540010
2018-10-11T00:00:00Z;2018;1014;6277671
2018-10-10T00:00:00Z;2018;1013;6226789
2018-10-09T00:00:00Z;2018;1012;6144094
2018-10-08T00:00:00Z;2018;1011;6443339
2018-10-07T00:00:00Z;2018;1010;6610793
2018-10-06T00:00:00Z;2018;1009;6664739
2018-10-05T00:00:00Z;2018;1008;6483919
2018-10-04T00:00:00Z;2018;1007;6928373
2018-10-03T00:00:00Z;2018;1006;6369834
2018-10-02T00:00:00Z;2018;1005;6471193
2018-10-01T00:00:00Z;2018;1004;6433916
2018-09-30T00:00:00Z;2018;1003;6363494
2018-09-29T00:00:00Z;2018;1002;6503518
2018-09-28T00:00:00Z;2018;1001;6447554
2018-09-27T00:00:00Z;2018;1000;6293315
2018-09-26T00:00:00Z;2018;999;6357183
2018-09-25T00:00:00Z;2018;998;6243509
2018-09-24T00:00:00Z;2018;997;6397428
2018-09-23T00:00:00Z;2018;996;6684677
2018-09-22T00:00:00Z;2018;995;6942003
2018-09-21T00:00:00Z;2018;994;6855241
2018-09-20T00:00:00Z;2018;993;6687522
2018-09-19T00:00:00Z;2018;992;6228999
2018-09-18T00:00:00Z;2018;991;6557729
2018-09-17T00:00:00Z;2018;990;6441100
2018-09-16T00:00:00Z;2018;989;6595191
2018-09-15T00:00:00Z;2018;988;6545515
2018-09-14T00:00:00Z;2018;987;6146897
2018-09-13T00:00:00Z;2018;986;6475382
2018-09-12T00:00:00Z;2018;985;6116402
2018-09-11T00:00:00Z;2018;984;6201861
2018-09-10T00:00:00Z;2018;983;6363031
2018-09-09T00:00:00Z;2018;982;6584938
2018-09-08T00:00:00Z;2018;981;6663389
2018-09-07T00:00:00Z;2018;980;6482370
2018-09-06T00:00:00Z;2018;979;6237668
2018-09-05T00:00:00Z;2018;978;6366000
2018-09-04T00:00:00Z;2018;977;6244620
2018-09-03T00:00:00Z;2018;976;6296321
2018-09-02T00:00:00Z;2018;975;6454994
2018-09-01T00:00:00Z;2018;974;6398213
2018-08-31T00:00:00Z;2018;973;6383853
2018-08-30T00:00:00Z;2018;972;6477893
2018-08-29T00:00:00Z;2018;971;6174052
2018-08-28T00:00:00Z;2018;970;6430212
2018-08-27T00:00:00Z;2018;969;6485172
2018-08-26T00:00:00Z;2018;968;6405567
2018-08-25T00:00:00Z;2018;967;6653071
2018-08-24T00:00:00Z;2018;966;6653298
2018-08-23T00:00:00Z;2018;965;6425762
2018-08-22T00:00:00Z;2018;964;6301990
2018-08-21T00:00:00Z;2018;963;5968164
2018-08-20T00:00:00Z;2018;962;6105397
2018-08-19T00:00:00Z;2018;961;6231795
2018-08-18T00:00:00Z;2018;960;6394203
2018-08-17T00:00:00Z;2018;959;6341233
2018-08-16T00:00:00Z;2018;958;5762612
2018-08-15T00:00:00Z;2018;957;5940551
2018-08-14T00:00:00Z;2018;956;5759043
2018-08-13T00:00:00Z;2018;955;5952786
2018-08-12T00:00:00Z;2018;954;6318404
2018-08-11T00:00:00Z;2018;953;6364366
2018-08-10T00:00:00Z;2018;952;6218302
2018-08-09T00:00:00Z;2018;951;5905426
2018-08-08T00:00:00Z;2018;950;5862944
2018-08-07T00:00:00Z;2018;949;5946704
2018-08-06T00:00:00Z;2018;948;5760996
2018-08-05T00:00:00Z;2018;947;5764623
2018-08-04T00:00:00Z;2018;946;5811218
2018-08-03T00:00:00Z;2018;945;6004965
2018-08-02T00:00:00Z;2018;944;5860907
2018-08-01T00:00:00Z;2018;943;5600241
2018-07-31T00:00:00Z;2018;942;5667672
2018-07-30T00:00:00Z;2018;941;5762838
2018-07-29T00:00:00Z;2018;940;5892067
2018-07-28T00:00:00Z;2018;939;5790635
2018-07-27T00:00:00Z;2018;938;5454135
2018-07-26T00:00:00Z;2018;937;5778974
2018-07-25T00:00:00Z;2018;936;6021222
2018-07-24T00:00:00Z;2018;935;5813930
2018-07-23T00:00:00Z;2018;934;6101724
2018-07-22T00:00:00Z;2018;933;6082291
2018-07-21T00:00:00Z;2018;932;6263879
2018-07-20T00:00:00Z;2018;931;6399195
2018-07-19T00:00:00Z;2018;930;6298187
2018-07-18T00:00:00Z;2018;929;6280296
2018-07-17T00:00:00Z;2018;928;6062383
2018-07-16T00:00:00Z;2018;927;5960463
2018-07-15T00:00:00Z;2018;926;6188124
2018-07-14T00:00:00Z;2018;925;6322808
2018-07-13T00:00:00Z;2018;924;6274929
2018-07-12T00:00:00Z;2018;923;6028970
2018-07-11T00:00:00Z;2018;922;6058049
2018-07-10T00:00:00Z;2018;921;5879084
2018-07-09T00:00:00Z;2018;920;5873910
2018-07-08T00:00:00Z;2018;919;5684251
2018-07-07T00:00:00Z;2018;918;5807142
2018-07-06T00:00:00Z;2018;917;5994161
2018-07-05T00:00:00Z;2018;916;6108614
2018-07-04T00:00:00Z;2018;915;5826939
2018-07-03T00:00:00Z;2018;914;6067525
2018-07-02T00:00:00Z;2018;913;6038140
2018-07-01T00:00:00Z;2018;912;6065932
2018-06-30T00:00:00Z;2018;911;6246926
2018-06-29T00:00:00Z;2018;910;6105966
2018-06-28T00:00:00Z;2018;909;5657440
2018-06-27T00:00:00Z;2018;908;5708910
2018-06-26T00:00:00Z;2018;907;5571046
2018-06-25T00:00:00Z;2018;906;5669316
2018-06-24T00:00:00Z;2018;905;5486622
2018-06-23T00:00:00Z;2018;904;5785804
2018-06-22T00:00:00Z;2018;903;5724853
2018-06-21T00:00:00Z;2018;902;5622093
2018-06-20T00:00:00Z;2018;901;5470643
2018-06-19T00:00:00Z;2018;900;5463736
2018-06-18T00:00:00Z;2018;899;5584191
2018-06-17T00:00:00Z;2018;898;5662564
2018-06-16T00:00:00Z;2018;897;5738437
2018-06-15T00:00:00Z;2018;896;5570378
2018-06-14T00:00:00Z;2018;895;5622184
2018-06-13T00:00:00Z;2018;894;5516545
2018-06-12T00:00:00Z;2018;893;5426213
2018-06-11T00:00:00Z;2018;892;5255025
2018-06-10T00:00:00Z;2018;891;5374940
2018-06-09T00:00:00Z;2018;890;5312218
2018-06-08T00:00:00Z;2018;889;5320789
2018-06-07T00:00:00Z;2018;888;5382269
2018-06-06T00:00:00Z;2018;887;5269118
2018-06-05T00:00:00Z;2018;886;5162088
2018-06-04T00:00:00Z;2018;885;5230660
2018-06-03T00:00:00Z;2018;884;5482778
2018-06-02T00:00:00Z;2018;883;5404081
2018-06-01T00:00:00Z;2018;882;5373085
2018-05-31T00:00:00Z;2018;881;5391842
2018-05-30T00:00:00Z;2018;880;5207805
2018-05-29T00:00:00Z;2018;879;5272878
2018-05-28T00:00:00Z;2018;878;5691453
2018-05-27T00:00:00Z;2018;877;5661021
2018-05-26T00:00:00Z;2018;876;5612585
2018-05-25T00:00:00Z;2018;875;5653783
2018-05-24T00:00:00Z;2018;874;5823768
2018-05-23T00:00:00Z;2018;873;5600002
2018-05-22T00:00:00Z;2018;872;5502387
2018-05-21T00:00:00Z;2018;871;5548142
2018-05-20T00:00:00Z;2018;870;5627862
2018-05-19T00:00:00Z;2018;869;5724962
2018-05-18T00:00:00Z;2018;868;5613537
2018-05-17T00:00:00Z;2018;867;5802088
2018-05-16T00:00:00Z;2018;866;5622074
2018-05-15T00:00:00Z;2018;865;5673995
2018-05-14T00:00:00Z;2018;864;5577097
2018-05-13T00:00:00Z;2018;863;5500817
2018-05-12T00:00:00Z;2018;862;5502798
2018-05-11T00:00:00Z;2018;861;5561846
2018-05-10T00:00:00Z;2018;860;5467439
2018-05-09T00:00:00Z;2018;859;5496692
2018-05-08T00:00:00Z;2018;858;5447045
2018-05-07T00:00:00Z;2018;857;5224461
2018-05-06T00:00:00Z;2018;856;5272560
2018-05-05T00:00:00Z;2018;855;5350993
2018-05-04T00:00:00Z;2018;854;5606279
2018-05-03T00:00:00Z;2018;853;5599184
2018-05-02T00:00:00Z;2018;852;5503595
2018-05-01T00:00:00Z;2018;851;5356805
2018-04-30T00:00:00Z;2018;850;5284756
2018-04-29T00:00:00Z;2018;849;5421974
2018-04-28T00:00:00Z;2018;848;5571615
2018-04-27T00:00:00Z;2018;847;5530556
2018-04-26T00:00:00Z;2018;846;5583120
2018-04-25T00:00:00Z;2018;845;5505808
2018-04-24T00:00:00Z;2018;844;5546454
2018-04-23T00:00:00Z;2018;843;5426183
2018-04-22T00:00:00Z;2018;842;5396221
2018-04-21T00:00:00Z;2018;841;5403982
2018-04-20T00:00:00Z;2018;840;5278912
2018-04-19T00:00:00Z;2018;839;5089760
2018-04-18T00:00:00Z;2018;838;5078000
2018-04-17T00:00:00Z;2018;837;4921818
2018-04-16T00:00:00Z;2018;836;4998081
2018-04-15T00:00:00Z;2018;835;5260720
2018-04-14T00:00:00Z;2018;834;5327696
2018-04-13T00:00:00Z;2018;833;5237323
2018-04-12T00:00:00Z;2018;832;5312361
2018-04-11T00:00:00Z;2018;831;5440336
2018-04-10T00:00:00Z;2018;830;5187255
2018-04-09T00:00:00Z;2018;829;5249604
2018-04-08T00:00:00Z;2018;828;5266359
2018-04-07T00:00:00Z;2018;827;5330135
2018-04-06T00:00:00Z;2018;826;5102442
2018-04-05T00:00:00Z;2018;825;4733263
2018-04-04T00:00:00Z;2018;824;4835721
2018-04-03T00:00:00Z;2018;823;4892875
2018-04-02T00:00:00Z;2018;822;4865279
2018-04-01T00:00:00Z;2018;821;4994092
2018-03-31T00:00:00Z;2018;820;5196021
2018-03-30T00:00:00Z;2018;819;5241555
2018-03-29T00:00:00Z;2018;818;5187523
2018-03-28T00:00:00Z;2018;817;5216559
2018-03-27T00:00:00Z;2018;816;5208345
2018-03-26T00:00:00Z;2018;815;5151237
2018-03-25T00:00:00Z;2018;814;5102961
2018-03-24T00:00:00Z;2018;813;5029802
2018-03-23T00:00:00Z;2018;812;5168650
2018-03-22T00:00:00Z;2018;811;5318687
2018-03-21T00:00:00Z;2018;810;5280976
2018-03-20T00:00:00Z;2018;809;5157536
2018-03-19T00:00:00Z;2018;808;5405885
2018-03-18T00:00:00Z;2018;807;5477769
2018-03-17T00:00:00Z;2018;806;5400721
2018-03-16T00:00:00Z;2018;805;5330811
2018-03-15T00:00:00Z;2018;804;5391984
2018-03-14T00:00:00Z;2018;803;5179814
2018-03-13T00:00:00Z;2018;802;5212932
2018-03-12T00:00:00Z;2018;801;5172188
2018-03-11T00:00:00Z;2018;800;5428526
2018-03-10T00:00:00Z;2018;799;5511323
2018-03-09T00:00:00Z;2018;798;5319115
2018-03-08T00:00:00Z;2018;797;5057553
2018-03-07T00:00:00Z;2018;796;5056111
2018-03-06T00:00:00Z;2018;795;5172155
2018-03-05T00:00:00Z;2018;794;4976216
2018-03-04T00:00:00Z;2018;793;5388004
2018-03-03T00:00:00Z;2018;792;5401104
2018-03-02T00:00:00Z;2018;791;5262767
2018-03-01T00:00:00Z;2018;790;5140312
2018-02-28T00:00:00Z;2018;789;5017119
2018-02-27T00:00:00Z;2018;788;5032663
2018-02-26T00:00:00Z;2018;787;4994720
2018-02-25T00:00:00Z;2018;786;5432077
2018-02-24T00:00:00Z;2018;785;5675761
2018-02-23T00:00:00Z;2018;784;5640650
2018-02-22T00:00:00Z;2018;783;5408204
2018-02-21T00:00:00Z;2018;782;5354216
2018-02-20T00:00:00Z;2018;781;5332070
2018-02-19T00:00:00Z;2018;780;5225964
2018-02-18T00:00:00Z;2018;779;5548297
2018-02-17T00:00:00Z;2018;778;5572885
2018-02-16T00:00:00Z;2018;777;5328666
2018-02-15T00:00:00Z;2018;776;5316929
2018-02-14T00:00:00Z;2018;775;5314088
2018-02-13T00:00:00Z;2018;774;5224397
2018-02-12T00:00:00Z;2018;773;5099836
2018-02-11T00:00:00Z;2018;772;5302711
2018-02-10T00:00:00Z;2018;771;5346982
2018-02-09T00:00:00Z;2018;770;5311711
2018-02-08T00:00:00Z;2018;769;5352839
2018-02-07T00:00:00Z;2018;768;5266874
2018-02-06T00:00:00Z;2018;767;5258645
2018-02-05T00:00:00Z;2018;766;5252265
2018-02-04T00:00:00Z;2018;765;5461890
2018-02-03T00:00:00Z;2018;764;5566503
2018-02-02T00:00:00Z;2018;763;5545686
2018-02-01T00:00:00Z;2018;762;5411157
2018-01-31T00:00:00Z;2018;761;5097224
2018-01-30T00:00:00Z;2018;760;4938622
2018-01-29T00:00:00Z;2018;759;5365400
2018-01-28T00:00:00Z;2018;758;5430737
2018-01-27T00:00:00Z;2018;757;5492258
2018-01-26T00:00:00Z;2018;756;5428633
2018-01-25T00:00:00Z;2018;755;5232793
2018-01-24T00:00:00Z;2018;754;5121236
2018-01-23T00:00:00Z;2018;753;5161632
2018-01-22T00:00:00Z;2018;752;5275043
2018-01-21T00:00:00Z;2018;751;5505450
2018-01-20T00:00:00Z;2018;750;5404614
2018-01-19T00:00:00Z;2018;749;5290593
2018-01-18T00:00:00Z;2018;748;5130623
2018-01-17T00:00:00Z;2018;747;5196915
2018-01-16T00:00:00Z;2018;746;5172385
2018-01-15T00:00:00Z;2018;745;5115452
2018-01-14T00:00:00Z;2018;744;5317643
2018-01-13T00:00:00Z;2018;743;5398579
2018-01-12T00:00:00Z;2018;742;5316236
2018-01-11T00:00:00Z;2018;741;5395791
2018-01-10T00:00:00Z;2018;740;5329065
2018-01-09T00:00:00Z;2018;739;5216228
2018-01-08T00:00:00Z;2018;738;5283423
2018-01-07T00:00:00Z;2018;737;5259250
2018-01-06T00:00:00Z;2018;736;5254590
2018-01-05T00:00:00Z;2018;735;5137672
2018-01-04T00:00:00Z;2018;734;5048628
2018-01-03T00:00:00Z;2018;733;4896038
2018-01-02T00:00:00Z;2018;732;4902770
2018-01-01T00:00:00Z;2018;731;5212893
2017-12-31T00:00:00Z;2017;730;5156736
2017-12-30T00:00:00Z;2017;729;5344487
2017-12-29T00:00:00Z;2017;728;5235023
2017-12-28T00:00:00Z;2017;727;5094122
2017-12-27T00:00:00Z;2017;726;5186333
2017-12-26T00:00:00Z;2017;725;4938361
2017-12-25T00:00:00Z;2017;724;5316909
2017-12-24T00:00:00Z;2017;723;5404549
2017-12-23T00:00:00Z;2017;722;5431414
2017-12-22T00:00:00Z;2017;721;5384786
2017-12-21T00:00:00Z;2017;720;5428792
2017-12-20T00:00:00Z;2017;719;5229081
2017-12-19T00:00:00Z;2017;718;5263162
2017-12-18T00:00:00Z;2017;717;5312434
2017-12-17T00:00:00Z;2017;716;5629143
2017-12-16T00:00:00Z;2017;715;5661915
2017-12-15T00:00:00Z;2017;714;5526839
2017-12-14T00:00:00Z;2017;713;5502020
2017-12-13T00:00:00Z;2017;712;5509554
2017-12-12T00:00:00Z;2017;711;5458712
2017-12-11T00:00:00Z;2017;710;5310256
2017-12-10T00:00:00Z;2017;709;5526639
2017-12-09T00:00:00Z;2017;708;5599954
2017-12-08T00:00:00Z;2017;707;5541905
2017-12-07T00:00:00Z;2017;706;5300680
2017-12-06T00:00:00Z;2017;705;5299353
2017-12-05T00:00:00Z;2017;704;5455344
2017-12-04T00:00:00Z;2017;703;5461349
2017-12-03T00:00:00Z;2017;702;5533590
2017-12-02T00:00:00Z;2017;701;5576076
2017-12-01T00:00:00Z;2017;700;5295735
2017-11-30T00:00:00Z;2017;699;5461185
2017-11-29T00:00:00Z;2017;698;5219703
2017-11-28T00:00:00Z;2017;697;5028946
2017-11-27T00:00:00Z;2017;696;5202589
2017-11-26T00:00:00Z;2017;695;5281233
2017-11-25T00:00:00Z;2017;694;5219905
2017-11-24T00:00:00Z;2017;693;5246037
2017-11-23T00:00:00Z;2017;692;5113841
2017-11-22T00:00:00Z;2017;691;4600883
2017-11-21T00:00:00Z;2017;690;4730938
2017-11-20T00:00:00Z;2017;689;4912400
2017-11-19T00:00:00Z;2017;688;5125793
2017-11-18T00:00:00Z;2017;687;5291034
2017-11-17T00:00:00Z;2017;686;5538087
2017-11-16T00:00:00Z;2017;685;5325784
2017-11-15T00:00:00Z;2017;684;5294933
2017-11-14T00:00:00Z;2017;683;5356365
2017-11-13T00:00:00Z;2017;682;5092661
2017-11-12T00:00:00Z;2017;681;5352891
2017-11-11T00:00:00Z;2017;680;5387984
2017-11-10T00:00:00Z;2017;679;5393111
2017-11-09T00:00:00Z;2017;678;5136583
2017-11-08T00:00:00Z;2017;677;4794565
2017-11-07T00:00:00Z;2017;676;4625917
2017-11-06T00:00:00Z;2017;675;4962012
2017-11-05T00:00:00Z;2017;674;5350540
2017-11-04T00:00:00Z;2017;673;5401039
2017-11-03T00:00:00Z;2017;672;5400261
2017-11-02T00:00:00Z;2017;671;5162519
2017-11-01T00:00:00Z;2017;670;4946257
2017-10-31T00:00:00Z;2017;669;5018907
2017-10-30T00:00:00Z;2017;668;5008928
2017-10-29T00:00:00Z;2017;667;5045931
2017-10-28T00:00:00Z;2017;666;5214642
2017-10-27T00:00:00Z;2017;665;4907989
2017-10-26T00:00:00Z;2017;664;5045746
2017-10-25T00:00:00Z;2017;663;4863514
2017-10-24T00:00:00Z;2017;662;4966065
2017-10-23T00:00:00Z;2017;661;4971174
2017-10-22T00:00:00Z;2017;660;5095521
2017-10-21T00:00:00Z;2017;659;5067261
2017-10-20T00:00:00Z;2017;658;4831382
2017-10-19T00:00:00Z;2017;657;4903168
2017-10-18T00:00:00Z;2017;656;4782921
2017-10-17T00:00:00Z;2017;655;4693397
2017-10-16T00:00:00Z;2017;654;4695409
2017-10-15T00:00:00Z;2017;653;4528427
2017-10-14T00:00:00Z;2017;652;4888067
2017-10-13T00:00:00Z;2017;651;5137959
2017-10-12T00:00:00Z;2017;650;4992316
2017-10-11T00:00:00Z;2017;649;5013965
2017-10-10T00:00:00Z;2017;648;5095826
2017-10-09T00:00:00Z;2017;647;4962429
2017-10-08T00:00:00Z;2017;646;4880669
2017-10-07T00:00:00Z;2017;645;5000697
2017-10-06T00:00:00Z;2017;644;5037174
2017-10-05T00:00:00Z;2017;643;4928276
2017-10-04T00:00:00Z;2017;642;4972628
2017-10-03T00:00:00Z;2017;641;4870399
2017-10-02T00:00:00Z;2017;640;4882717
2017-10-01T00:00:00Z;2017;639;4982899
2017-09-30T00:00:00Z;2017;638;5019616
2017-09-29T00:00:00Z;2017;637;4980981
2017-09-28T00:00:00Z;2017;636;4874272
2017-09-27T00:00:00Z;2017;635;4924523
2017-09-26T00:00:00Z;2017;634;4794142
2017-09-25T00:00:00Z;2017;633;4875755
2017-09-24T00:00:00Z;2017;632;5037507
2017-09-23T00:00:00Z;2017;631;4910321
2017-09-22T00:00:00Z;2017;630;4927541
2017-09-21T00:00:00Z;2017;629;4791609
2017-09-20T00:00:00Z;2017;628;4740777
2017-09-19T00:00:00Z;2017;627;4802477
2017-09-18T00:00:00Z;2017;626;4827105
2017-09-17T00:00:00Z;2017;625;4968487
2017-09-16T00:00:00Z;2017;624;4943624
2017-09-15T00:00:00Z;2017;623;5016478
2017-09-14T00:00:00Z;2017;622;4964544
2017-09-13T00:00:00Z;2017;621;4733913
2017-09-12T00:00:00Z;2017;620;4755186
2017-09-11T00:00:00Z;2017;619;4690930
2017-09-10T00:00:00Z;2017;618;4876230
2017-09-09T00:00:00Z;2017;617;4881166
2017-09-08T00:00:00Z;2017;616;4767955
2017-09-07T00:00:00Z;2017;615;4807013
2017-09-06T00:00:00Z;2017;614;4581620
2017-09-05T00:00:00Z;2017;613;4734801
2017-09-04T00:00:00Z;2017;612;4732291
2017-09-03T00:00:00Z;2017;611;4813964
2017-09-02T00:00:00Z;2017;610;4766979
2017-09-01T00:00:00Z;2017;609;4661378
2017-08-31T00:00:00Z;2017;608;4730012
2017-08-30T00:00:00Z;2017;607;4569886
2017-08-29T00:00:00Z;2017;606;4620473
2017-08-28T00:00:00Z;2017;605;4586872
2017-08-27T00:00:00Z;2017;604;4656496
2017-08-26T00:00:00Z;2017;603;4761324
2017-08-25T00:00:00Z;2017;602;4680236
2017-08-24T00:00:00Z;2017;601;4612673
2017-08-23T00:00:00Z;2017;600;4667731
2017-08-22T00:00:00Z;2017;599;4627722
2017-08-21T00:00:00Z;2017;598;4617160
2017-08-20T00:00:00Z;2017;597;4581617
2017-08-19T00:00:00Z;2017;596;4690094
2017-08-18T00:00:00Z;2017;595;4537104
2017-08-17T00:00:00Z;2017;594;4443123
2017-08-16T00:00:00Z;2017;593;4389151
2017-08-15T00:00:00Z;2017;592;4354065
2017-08-14T00:00:00Z;2017;591;4214323
2017-08-13T00:00:00Z;2017;590;4206371
2017-08-12T00:00:00Z;2017;589;4321381
2017-08-11T00:00:00Z;2017;588;4363550
2017-08-10T00:00:00Z;2017;587;4494740
2017-08-09T00:00:00Z;2017;586;4380198
2017-08-08T00:00:00Z;2017;585;4364270
2017-08-07T00:00:00Z;2017;584;4277710
2017-08-06T00:00:00Z;2017;583;4222563
2017-08-05T00:00:00Z;2017;582;4463216
2017-08-04T00:00:00Z;2017;581;4583965
2017-08-03T00:00:00Z;2017;580;4509981
2017-08-02T00:00:00Z;2017;579;4390263
2017-08-01T00:00:00Z;2017;578;4344697
2017-07-31T00:00:00Z;2017;577;4366308
2017-07-30T00:00:00Z;2017;576;4321533
2017-07-29T00:00:00Z;2017;575;4565312
2017-07-28T00:00:00Z;2017;574;4486208
2017-07-27T00:00:00Z;2017;573;4281981
2017-07-26T00:00:00Z;2017;572;4084159
2017-07-25T00:00:00Z;2017;571;4166962
2017-07-24T00:00:00Z;2017;570;4246205
2017-07-23T00:00:00Z;2017;569;4349670
2017-07-22T00:00:00Z;2017;568;4311862
2017-07-21T00:00:00Z;2017;567;4531167
2017-07-20T00:00:00Z;2017;566;4477227
2017-07-19T00:00:00Z;2017;565;4235885
2017-07-18T00:00:00Z;2017;564;4376098
2017-07-17T00:00:00Z;2017;563;4299638
2017-07-16T00:00:00Z;2017;562;4427319
2017-07-15T00:00:00Z;2017;561;4433508
2017-07-14T00:00:00Z;2017;560;4437309
2017-07-13T00:00:00Z;2017;559;4286911
2017-07-12T00:00:00Z;2017;558;4266713
2017-07-11T00:00:00Z;2017;557;4283849
2017-07-10T00:00:00Z;2017;556;4224171
2017-07-09T00:00:00Z;2017;555;4385207
2017-07-08T00:00:00Z;2017;554;4324234
2017-07-07T00:00:00Z;2017;553;4210638
2017-07-06T00:00:00Z;2017;552;3954201
2017-07-05T00:00:00Z;2017;551;3792091
2017-07-04T00:00:00Z;2017;550;3628417
2017-07-03T00:00:00Z;2017;549;3577654
2017-07-02T00:00:00Z;2017;548;3979462
2017-07-01T00:00:00Z;2017;547;4003559
2017-06-30T00:00:00Z;2017;546;4034090
2017-06-29T00:00:00Z;2017;545;4012876
2017-06-28T00:00:00Z;2017;544;4012201
2017-06-27T00:00:00Z;2017;543;4083528
2017-06-26T00:00:00Z;2017;542;4195787
2017-06-25T00:00:00Z;2017;541;4266757
2017-06-24T00:00:00Z;2017;540;4160735
2017-06-23T00:00:00Z;2017;539;3970314
2017-06-22T00:00:00Z;2017;538;4073521
2017-06-21T00:00:00Z;2017;537;4197548
2017-06-20T00:00:00Z;2017;536;4052083
2017-06-19T00:00:00Z;2017;535;4124040
2017-06-18T00:00:00Z;2017;534;4155512
2017-06-17T00:00:00Z;2017;533;4218844
2017-06-16T00:00:00Z;2017;532;4058600
2017-06-15T00:00:00Z;2017;531;3956344
2017-06-14T00:00:00Z;2017;530;3752904
2017-06-13T00:00:00Z;2017;529;3904018
2017-06-12T00:00:00Z;2017;528;3985147
2017-06-11T00:00:00Z;2017;527;4016516
2017-06-10T00:00:00Z;2017;526;4107753
2017-06-09T00:00:00Z;2017;525;4000179
2017-06-08T00:00:00Z;2017;524;4004568
2017-06-07T00:00:00Z;2017;523;4018784
2017-06-06T00:00:00Z;2017;522;3789351
2017-06-05T00:00:00Z;2017;521;3939431
2017-06-04T00:00:00Z;2017;520;4103295
2017-06-03T00:00:00Z;2017;519;4075585
2017-06-02T00:00:00Z;2017;518;4128435
2017-06-01T00:00:00Z;2017;517;3976302
2017-05-31T00:00:00Z;2017;516;3999458
2017-05-30T00:00:00Z;2017;515;3953531
2017-05-29T00:00:00Z;2017;514;3785159
2017-05-28T00:00:00Z;2017;513;3840768
2017-05-27T00:00:00Z;2017;512;3781357
2017-05-26T00:00:00Z;2017;511;3755890
2017-05-25T00:00:00Z;2017;510;3868211
2017-05-24T00:00:00Z;2017;509;3910045
2017-05-23T00:00:00Z;2017;508;3827835
2017-05-22T00:00:00Z;2017;507;3892546
2017-05-21T00:00:00Z;2017;506;4007625
2017-05-20T00:00:00Z;2017;505;4035307
2017-05-19T00:00:00Z;2017;504;3935665
2017-05-18T00:00:00Z;2017;503;3675876
2017-05-17T00:00:00Z;2017;502;3604138
2017-05-16T00:00:00Z;2017;501;3890018
2017-05-15T00:00:00Z;2017;500;3741579
2017-05-14T00:00:00Z;2017;499;3854242
2017-05-13T00:00:00Z;2017;498;3732088
2017-05-12T00:00:00Z;2017;497;3935756
2017-05-11T00:00:00Z;2017;496;3791809
2017-05-10T00:00:00Z;2017;495;3825790
2017-05-09T00:00:00Z;2017;494;3981520
2017-05-08T00:00:00Z;2017;493;3566953
2017-05-07T00:00:00Z;2017;492;3764933
2017-05-06T00:00:00Z;2017;491;3909076
2017-05-05T00:00:00Z;2017;490;3680438
2017-05-04T00:00:00Z;2017;489;3659173
2017-05-03T00:00:00Z;2017;488;3655785
2017-05-02T00:00:00Z;2017;487;3517343
2017-05-01T00:00:00Z;2017;486;3342376
2017-04-30T00:00:00Z;2017;485;4003827
2017-04-29T00:00:00Z;2017;484;4059485
2017-04-28T00:00:00Z;2017;483;3963144
2017-04-27T00:00:00Z;2017;482;3869238
2017-04-26T00:00:00Z;2017;481;3811671
2017-04-25T00:00:00Z;2017;480;3797336
2017-04-24T00:00:00Z;2017;479;3657908
2017-04-23T00:00:00Z;2017;478;3728253
2017-04-22T00:00:00Z;2017;477;3782709
2017-04-21T00:00:00Z;2017;476;3830417
2017-04-20T00:00:00Z;2017;475;3800328
2017-04-19T00:00:00Z;2017;474;3591768
2017-04-18T00:00:00Z;2017;473;3757384
2017-04-17T00:00:00Z;2017;472;3742615
2017-04-16T00:00:00Z;2017;471;3714165
2017-04-15T00:00:00Z;2017;470;3797747
2017-04-14T00:00:00Z;2017;469;3767787
2017-04-13T00:00:00Z;2017;468;3702169
2017-04-12T00:00:00Z;2017;467;3796735
2017-04-11T00:00:00Z;2017;466;3818732
2017-04-10T00:00:00Z;2017;465;3866380
2017-04-09T00:00:00Z;2017;464;3929005
2017-04-08T00:00:00Z;2017;463;3893967
2017-04-07T00:00:00Z;2017;462;3855228
2017-04-06T00:00:00Z;2017;461;3847021
2017-04-05T00:00:00Z;2017;460;3815139
2017-04-04T00:00:00Z;2017;459;3851382
2017-04-03T00:00:00Z;2017;458;3603808
2017-04-02T00:00:00Z;2017;457;3886752
2017-04-01T00:00:00Z;2017;456;3878709
2017-03-31T00:00:00Z;2017;455;3866325
2017-03-30T00:00:00Z;2017;454;3971847
2017-03-29T00:00:00Z;2017;453;3775418
2017-03-28T00:00:00Z;2017;452;3859848
2017-03-27T00:00:00Z;2017;451;3834137
2017-03-26T00:00:00Z;2017;450;3907276
2017-03-25T00:00:00Z;2017;449;3699890
2017-03-24T00:00:00Z;2017;448;3772877
2017-03-23T00:00:00Z;2017;447;3855297
2017-03-22T00:00:00Z;2017;446;3578762
2017-03-21T00:00:00Z;2017;445;3512393
2017-03-20T00:00:00Z;2017;444;3612828
2017-03-19T00:00:00Z;2017;443;3712228
2017-03-18T00:00:00Z;2017;442;3665536
2017-03-17T00:00:00Z;2017;441;3680411
2017-03-16T00:00:00Z;2017;440;3853906
2017-03-15T00:00:00Z;2017;439;3913984
2017-03-14T00:00:00Z;2017;438;3759340
2017-03-13T00:00:00Z;2017;437;3567559
2017-03-12T00:00:00Z;2017;436;3714198
2017-03-11T00:00:00Z;2017;435;3847378
2017-03-10T00:00:00Z;2017;434;3751047
2017-03-09T00:00:00Z;2017;433;3777417
2017-03-08T00:00:00Z;2017;432;3802584
2017-03-07T00:00:00Z;2017;431;3795662
2017-03-06T00:00:00Z;2017;430;3596517
2017-03-05T00:00:00Z;2017;429;3767912
2017-03-04T00:00:00Z;2017;428;3855956
2017-03-03T00:00:00Z;2017;427;3657957
2017-03-02T00:00:00Z;2017;426;3539952
2017-03-01T00:00:00Z;2017;425;3418001
2017-02-28T00:00:00Z;2017;424;3285054
2017-02-27T00:00:00Z;2017;423;3162508
2017-02-26T00:00:00Z;2017;422;3292388
2017-02-25T00:00:00Z;2017;421;3523434
2017-02-24T00:00:00Z;2017;420;3465163
2017-02-23T00:00:00Z;2017;419;3308896
2017-02-22T00:00:00Z;2017;418;3420698
2017-02-21T00:00:00Z;2017;417;3565405
2017-02-20T00:00:00Z;2017;416;3481191
2017-02-19T00:00:00Z;2017;415;3660091
2017-02-18T00:00:00Z;2017;414;3522926
2017-02-17T00:00:00Z;2017;413;3615627
2017-02-16T00:00:00Z;2017;412;3743990
2017-02-15T00:00:00Z;2017;411;3726536
2017-02-14T00:00:00Z;2017;410;3591158
2017-02-13T00:00:00Z;2017;409;3537712
2017-02-12T00:00:00Z;2017;408;3618772
2017-02-11T00:00:00Z;2017;407;3591621
2017-02-10T00:00:00Z;2017;406;3677741
2017-02-09T00:00:00Z;2017;405;3627201
2017-02-08T00:00:00Z;2017;404;3338133
2017-02-07T00:00:00Z;2017;403;3134861
2017-02-06T00:00:00Z;2017;402;3597863
2017-02-05T00:00:00Z;2017;401;3506734
2017-02-04T00:00:00Z;2017;400;3593105
2017-02-03T00:00:00Z;2017;399;3731155
2017-02-02T00:00:00Z;2017;398;3526135
2017-02-01T00:00:00Z;2017;397;3507071
2017-01-31T00:00:00Z;2017;396;3559190
2017-01-30T00:00:00Z;2017;395;3397450
2017-01-29T00:00:00Z;2017;394;3419465
2017-01-28T00:00:00Z;2017;393;3551493
2017-01-27T00:00:00Z;2017;392;3781875
2017-01-26T00:00:00Z;2017;391;3902498
2017-01-25T00:00:00Z;2017;390;3775372
2017-01-24T00:00:00Z;2017;389;3778024
2017-01-23T00:00:00Z;2017;388;3893051
2017-01-22T00:00:00Z;2017;387;3904000
2017-01-21T00:00:00Z;2017;386;3896167
2017-01-20T00:00:00Z;2017;385;3824405
2017-01-19T00:00:00Z;2017;384;3800155
2017-01-18T00:00:00Z;2017;383;3686427
2017-01-17T00:00:00Z;2017;382;3541152
2017-01-16T00:00:00Z;2017;381;3768942
2017-01-15T00:00:00Z;2017;380;3818565
2017-01-14T00:00:00Z;2017;379;3809082
2017-01-13T00:00:00Z;2017;378;3843559
2017-01-12T00:00:00Z;2017;377;3717732
2017-01-11T00:00:00Z;2017;376;3763846
2017-01-10T00:00:00Z;2017;375;3770095
2017-01-09T00:00:00Z;2017;374;3743253
2017-01-08T00:00:00Z;2017;373;3678839
2017-01-07T00:00:00Z;2017;372;3677835
2017-01-06T00:00:00Z;2017;371;3537728
2017-01-05T00:00:00Z;2017;370;3588106
2017-01-04T00:00:00Z;2017;369;3769529
2017-01-03T00:00:00Z;2017;368;3811224
2017-01-02T00:00:00Z;2017;367;3783386
2017-01-01T00:00:00Z;2017;366;3824537
2016-12-31T00:00:00Z;2016;365;3804635
2016-12-30T00:00:00Z;2016;364;3791557
2016-12-29T00:00:00Z;2016;363;3567218
2016-12-28T00:00:00Z;2016;362;3490248
2016-12-27T00:00:00Z;2016;361;3545325
2016-12-26T00:00:00Z;2016;360;3719403
2016-12-25T00:00:00Z;2016;359;3806576
2016-12-24T00:00:00Z;2016;358;3919339
2016-12-23T00:00:00Z;2016;357;4030838
2016-12-22T00:00:00Z;2016;356;4012399
2016-12-21T00:00:00Z;2016;355;3919530
2016-12-20T00:00:00Z;2016;354;3874230
2016-12-19T00:00:00Z;2016;353;3995856
2016-12-18T00:00:00Z;2016;352;3995919
2016-12-17T00:00:00Z;2016;351;4014990
2016-12-16T00:00:00Z;2016;350;3999685
2016-12-15T00:00:00Z;2016;349;3864602
2016-12-14T00:00:00Z;2016;348;3685191
2016-12-13T00:00:00Z;2016;347;3827789
2016-12-12T00:00:00Z;2016;346;3731108
2016-12-11T00:00:00Z;2016;345;3439269
2016-12-10T00:00:00Z;2016;344;3941423
2016-12-09T00:00:00Z;2016;343;3915271
2016-12-08T00:00:00Z;2016;342;3801205
2016-12-07T00:00:00Z;2016;341;3410464
2016-12-06T00:00:00Z;2016;340;3685791
2016-12-05T00:00:00Z;2016;339;3873772
2016-12-04T00:00:00Z;2016;338;3971379
2016-12-03T00:00:00Z;2016;337;4064179
2016-12-02T00:00:00Z;2016;336;3986025
2016-12-01T00:00:00Z;2016;335;3673953
2016-11-30T00:00:00Z;2016;334;3664443
2016-11-29T00:00:00Z;2016;333;3559150
2016-11-28T00:00:00Z;2016;332;3313451
2016-11-27T00:00:00Z;2016;331;3642860
2016-11-26T00:00:00Z;2016;330;3797915
2016-11-25T00:00:00Z;2016;329;3684210
2016-11-24T00:00:00Z;2016;328;3333737
2016-11-23T00:00:00Z;2016;327;3042266
2016-11-22T00:00:00Z;2016;326;3518107
2016-11-21T00:00:00Z;2016;325;3504087
2016-11-20T00:00:00Z;2016;324;3674725
2016-11-19T00:00:00Z;2016;323;3585609
2016-11-18T00:00:00Z;2016;322;3424588
2016-11-17T00:00:00Z;2016;321;3438648
2016-11-16T00:00:00Z;2016;320;3401688
2016-11-15T00:00:00Z;2016;319;3535226
2016-11-14T00:00:00Z;2016;318;3544051
2016-11-13T00:00:00Z;2016;317;3573925
2016-11-12T00:00:00Z;2016;316;3556258
2016-11-11T00:00:00Z;2016;315;3500093
2016-11-10T00:00:00Z;2016;314;3427179
2016-11-09T00:00:00Z;2016;313;3364390
2016-11-08T00:00:00Z;2016;312;3221078
2016-11-07T00:00:00Z;2016;311;3215334
2016-11-06T00:00:00Z;2016;310;3341397
2016-11-05T00:00:00Z;2016;309;3406252
2016-11-04T00:00:00Z;2016;308;3432294
2016-11-03T00:00:00Z;2016;307;3347914
2016-11-02T00:00:00Z;2016;306;3351397
2016-11-01T00:00:00Z;2016;305;3153483
2016-10-31T00:00:00Z;2016;304;3157869
2016-10-30T00:00:00Z;2016;303;3235257
2016-10-29T00:00:00Z;2016;302;3379723
2016-10-28T00:00:00Z;2016;301;3191621
2016-10-27T00:00:00Z;2016;300;3235299
2016-10-26T00:00:00Z;2016;299;3202404
2016-10-25T00:00:00Z;2016;298;3280659
2016-10-24T00:00:00Z;2016;297;3292347
2016-10-23T00:00:00Z;2016;296;3362745
2016-10-22T00:00:00Z;2016;295;3427200
2016-10-21T00:00:00Z;2016;294;3469401
2016-10-20T00:00:00Z;2016;293;3428552
2016-10-19T00:00:00Z;2016;292;3302011
2016-10-18T00:00:00Z;2016;291;3260568
2016-10-17T00:00:00Z;2016;290;3273443
2016-10-16T00:00:00Z;2016;289;3363172
2016-10-15T00:00:00Z;2016;288;3264761
2016-10-14T00:00:00Z;2016;287;3291926
2016-10-13T00:00:00Z;2016;286;3280857
2016-10-12T00:00:00Z;2016;285;2890258
2016-10-11T00:00:00Z;2016;284;2971621
2016-10-10T00:00:00Z;2016;283;3114258
2016-10-09T00:00:00Z;2016;282;3080397
2016-10-08T00:00:00Z;2016;281;3080322
2016-10-07T00:00:00Z;2016;280;3095085
2016-10-06T00:00:00Z;2016;279;3024122
2016-10-05T00:00:00Z;2016;278;3117428
2016-10-04T00:00:00Z;2016;277;2935795
2016-10-03T00:00:00Z;2016;276;2915386
2016-10-02T00:00:00Z;2016;275;2940268
2016-10-01T00:00:00Z;2016;274;2939086
2016-09-30T00:00:00Z;2016;273;2964632
2016-09-29T00:00:00Z;2016;272;2968622
2016-09-28T00:00:00Z;2016;271;3118043
2016-09-27T00:00:00Z;2016;270;2953276
2016-09-26T00:00:00Z;2016;269;2965392
2016-09-25T00:00:00Z;2016;268;2985659
2016-09-24T00:00:00Z;2016;267;3018004
2016-09-23T00:00:00Z;2016;266;2997996
2016-09-22T00:00:00Z;2016;265;2976426
2016-09-21T00:00:00Z;2016;264;3045939
2016-09-20T00:00:00Z;2016;263;3110554
2016-09-19T00:00:00Z;2016;262;3203766
2016-09-18T00:00:00Z;2016;261;3316247
2016-09-17T00:00:00Z;2016;260;3330650
2016-09-16T00:00:00Z;2016;259;3283607
2016-09-15T00:00:00Z;2016;258;3020930
2016-09-14T00:00:00Z;2016;257;2970063
2016-09-13T00:00:00Z;2016;256;2908502
2016-09-12T00:00:00Z;2016;255;2925117
2016-09-11T00:00:00Z;2016;254;3107022
2016-09-10T00:00:00Z;2016;253;3289919
2016-09-09T00:00:00Z;2016;252;3159649
2016-09-08T00:00:00Z;2016;251;2958242
2016-09-07T00:00:00Z;2016;250;3155378
2016-09-06T00:00:00Z;2016;249;3087343
2016-09-05T00:00:00Z;2016;248;2555484
2016-09-04T00:00:00Z;2016;247;2802208
2016-09-03T00:00:00Z;2016;246;2833809
2016-09-02T00:00:00Z;2016;245;3068351
2016-09-01T00:00:00Z;2016;244;3153910
2016-08-31T00:00:00Z;2016;243;3280974
2016-08-30T00:00:00Z;2016;242;3092416
2016-08-29T00:00:00Z;2016;241;3002716
2016-08-28T00:00:00Z;2016;240;3111248
2016-08-27T00:00:00Z;2016;239;3138398
2016-08-26T00:00:00Z;2016;238;2947108
2016-08-25T00:00:00Z;2016;237;3135999
2016-08-24T00:00:00Z;2016;236;2965730
2016-08-23T00:00:00Z;2016;235;2971720
2016-08-22T00:00:00Z;2016;234;2914760
2016-08-21T00:00:00Z;2016;233;3038388
2016-08-20T00:00:00Z;2016;232;2919452
2016-08-19T00:00:00Z;2016;231;3059394
2016-08-18T00:00:00Z;2016;230;2983821
2016-08-17T00:00:00Z;2016;229;3056135
2016-08-16T00:00:00Z;2016;228;2710829
2016-08-15T00:00:00Z;2016;227;2811592
2016-08-14T00:00:00Z;2016;226;2898050
2016-08-13T00:00:00Z;2016;225;2895936
2016-08-12T00:00:00Z;2016;224;2669047
2016-08-11T00:00:00Z;2016;223;2764262
2016-08-10T00:00:00Z;2016;222;2592323
2016-08-09T00:00:00Z;2016;221;2725405
2016-08-08T00:00:00Z;2016;220;2603414
2016-08-07T00:00:00Z;2016;219;2754476
2016-08-06T00:00:00Z;2016;218;3020582
2016-08-05T00:00:00Z;2016;217;2964912
2016-08-04T00:00:00Z;2016;216;2763524
2016-08-03T00:00:00Z;2016;215;2600460
2016-08-02T00:00:00Z;2016;214;2716280
2016-08-01T00:00:00Z;2016;213;2644046
2016-07-31T00:00:00Z;2016;212;2628449
2016-07-30T00:00:00Z;2016;211;2681307
2016-07-29T00:00:00Z;2016;210;2743644
2016-07-28T00:00:00Z;2016;209;2800062
2016-07-27T00:00:00Z;2016;208;2345861
2016-07-26T00:00:00Z;2016;207;2357783
2016-07-25T00:00:00Z;2016;206;2548375
2016-07-24T00:00:00Z;2016;205;2547253
2016-07-23T00:00:00Z;2016;204;2630032
2016-07-22T00:00:00Z;2016;203;2613313
2016-07-21T00:00:00Z;2016;202;2625322
2016-07-20T00:00:00Z;2016;201;2674617
2016-07-19T00:00:00Z;2016;200;2709234
2016-07-18T00:00:00Z;2016;199;2759425
2016-07-17T00:00:00Z;2016;198;2708249
2016-07-16T00:00:00Z;2016;197;2804038
2016-07-15T00:00:00Z;2016;196;2826692
2016-07-14T00:00:00Z;2016;195;2681388
2016-07-13T00:00:00Z;2016;194;2575719
2016-07-12T00:00:00Z;2016;193;2624735
2016-07-11T00:00:00Z;2016;192;2545525
2016-07-10T00:00:00Z;2016;191;2487993
2016-07-09T00:00:00Z;2016;190;2596258
2016-07-08T00:00:00Z;2016;189;2604964
2016-07-07T00:00:00Z;2016;188;2404731
2016-07-06T00:00:00Z;2016;187;2359815
2016-07-05T00:00:00Z;2016;186;2348541
2016-07-04T00:00:00Z;2016;185;2412939
2016-07-03T00:00:00Z;2016;184;2310523
2016-07-02T00:00:00Z;2016;183;2588981
2016-07-01T00:00:00Z;2016;182;2630859
2016-06-30T00:00:00Z;2016;181;2681104
2016-06-29T00:00:00Z;2016;180;2514912
2016-06-28T00:00:00Z;2016;179;2547660
2016-06-27T00:00:00Z;2016;178;2470320
2016-06-26T00:00:00Z;2016;177;2437038
2016-06-25T00:00:00Z;2016;176;2486315
2016-06-24T00:00:00Z;2016;175;2437740
2016-06-23T00:00:00Z;2016;174;2312840
2016-06-22T00:00:00Z;2016;173;2254646
2016-06-21T00:00:00Z;2016;172;2162725
2016-06-20T00:00:00Z;2016;171;2134797
2016-06-19T00:00:00Z;2016;170;2407854
2016-06-18T00:00:00Z;2016;169;2455604
2016-06-17T00:00:00Z;2016;168;2551740
2016-06-16T00:00:00Z;2016;167;2516413
2016-06-15T00:00:00Z;2016;166;2607223
2016-06-14T00:00:00Z;2016;165;2381687
2016-06-13T00:00:00Z;2016;164;2373583
2016-06-12T00:00:00Z;2016;163;2449694
2016-06-11T00:00:00Z;2016;162;2447047
2016-06-10T00:00:00Z;2016;161;2496660
2016-06-09T00:00:00Z;2016;160;2529700
2016-06-08T00:00:00Z;2016;159;2443905
2016-06-07T00:00:00Z;2016;158;2486427
2016-06-06T00:00:00Z;2016;157;2345052
2016-06-05T00:00:00Z;2016;156;2155179
2016-06-04T00:00:00Z;2016;155;2272126
2016-06-03T00:00:00Z;2016;154;2383762
2016-06-02T00:00:00Z;2016;153;2419127
2016-06-01T00:00:00Z;2016;152;2505130
2016-05-31T00:00:00Z;2016;151;2432610
2016-05-30T00:00:00Z;2016;150;2486069
2016-05-29T00:00:00Z;2016;149;2654923
2016-05-28T00:00:00Z;2016;148;2581149
2016-05-27T00:00:00Z;2016;147;2567027
2016-05-26T00:00:00Z;2016;146;2651469
2016-05-25T00:00:00Z;2016;145;2663775
2016-05-24T00:00:00Z;2016;144;2412470
2016-05-23T00:00:00Z;2016;143;2471031
2016-05-22T00:00:00Z;2016;142;2432083
2016-05-21T00:00:00Z;2016;141;2461472
2016-05-20T00:00:00Z;2016;140;2420827
2016-05-19T00:00:00Z;2016;139;2367905
2016-05-18T00:00:00Z;2016;138;2164801
2016-05-17T00:00:00Z;2016;137;2121326
2016-05-16T00:00:00Z;2016;136;2278817
2016-05-15T00:00:00Z;2016;135;2236950
2016-05-14T00:00:00Z;2016;134;2249248
2016-05-13T00:00:00Z;2016;133;2233051
2016-05-12T00:00:00Z;2016;132;2141270
2016-05-11T00:00:00Z;2016;131;1981187
2016-05-10T00:00:00Z;2016;130;1777067
2016-05-09T00:00:00Z;2016;129;1857102
2016-05-08T00:00:00Z;2016;128;1955946
2016-05-07T00:00:00Z;2016;127;2085828
2016-05-06T00:00:00Z;2016;126;2082150
2016-05-05T00:00:00Z;2016;125;2054232
2016-05-04T00:00:00Z;2016;124;1748848
2016-05-03T00:00:00Z;2016;123;1901675
2016-05-02T00:00:00Z;2016;122;1990992
2016-05-01T00:00:00Z;2016;121;2050406
2016-04-30T00:00:00Z;2016;120;2351843
2016-04-29T00:00:00Z;2016;119;2255445
2016-04-28T00:00:00Z;2016;118;2204153
2016-04-27T00:00:00Z;2016;117;2445011
2016-04-26T00:00:00Z;2016;116;2300749
2016-04-25T00:00:00Z;2016;115;2246682
2016-04-24T00:00:00Z;2016;114;2348366
2016-04-23T00:00:00Z;2016;113;2358116
2016-04-22T00:00:00Z;2016;112;2244902
2016-04-21T00:00:00Z;2016;111;2116061
2016-04-20T00:00:00Z;2016;110;2204951
2016-04-19T00:00:00Z;2016;109;2360321
2016-04-18T00:00:00Z;2016;108;2330696
2016-04-17T00:00:00Z;2016;107;2365550
2016-04-16T00:00:00Z;2016;106;2271325
2016-04-15T00:00:00Z;2016;105;2232759
2016-04-14T00:00:00Z;2016;104;2058600
2016-04-13T00:00:00Z;2016;103;2205898
2016-04-12T00:00:00Z;2016;102;1865200
2016-04-11T00:00:00Z;2016;101;2117330
2016-04-10T00:00:00Z;2016;100;2163501
2016-04-09T00:00:00Z;2016;99;2148786
2016-04-08T00:00:00Z;2016;98;2227884
2016-04-07T00:00:00Z;2016;97;2270996
2016-04-06T00:00:00Z;2016;96;2178703
2016-04-05T00:00:00Z;2016;95;2064208
2016-04-04T00:00:00Z;2016;94;1930910
2016-04-03T00:00:00Z;2016;93;2074099
2016-04-02T00:00:00Z;2016;92;2094997
2016-04-01T00:00:00Z;2016;91;2108772
2016-03-31T00:00:00Z;2016;90;1997326
2016-03-30T00:00:00Z;2016;89;1923091
2016-03-29T00:00:00Z;2016;88;1879411
2016-03-28T00:00:00Z;2016;87;1903251
2016-03-27T00:00:00Z;2016;86;1940060
2016-03-26T00:00:00Z;2016;85;1887808
2016-03-25T00:00:00Z;2016;84;2052902
2016-03-24T00:00:00Z;2016;83;2136180
2016-03-23T00:00:00Z;2016;82;2118744
2016-03-22T00:00:00Z;2016;81;2019766
2016-03-21T00:00:00Z;2016;80;1897051
2016-03-20T00:00:00Z;2016;79;2216934
2016-03-19T00:00:00Z;2016;78;2239773
2016-03-18T00:00:00Z;2016;77;2194666
2016-03-17T00:00:00Z;2016;76;2230508
2016-03-16T00:00:00Z;2016;75;2174799
2016-03-15T00:00:00Z;2016;74;2094833
2016-03-14T00:00:00Z;2016;73;2167002
2016-03-13T00:00:00Z;2016;72;2174227
2016-03-12T00:00:00Z;2016;71;2292722
2016-03-11T00:00:00Z;2016;70;2225347
2016-03-10T00:00:00Z;2016;69;2248046
2016-03-09T00:00:00Z;2016;68;2038485
2016-03-08T00:00:00Z;2016;67;2037845
2016-03-07T00:00:00Z;2016;66;2183105
2016-03-06T00:00:00Z;2016;65;2227296
2016-03-05T00:00:00Z;2016;64;2223787
2016-03-04T00:00:00Z;2016;63;2138763
2016-03-03T00:00:00Z;2016;62;2253257
2016-03-02T00:00:00Z;2016;61;2140273
2016-03-01T00:00:00Z;2016;60;2178156
2016-02-29T00:00:00Z;2016;59;1898983
2016-02-28T00:00:00Z;2016;58;2150260
2016-02-27T00:00:00Z;2016;57;2057120
2016-02-26T00:00:00Z;2016;56;2120857
2016-02-25T00:00:00Z;2016;55;1855178
2016-02-24T00:00:00Z;2016;54;2162948
2016-02-23T00:00:00Z;2016;53;2149766
2016-02-22T00:00:00Z;2016;52;1966000
2016-02-21T00:00:00Z;2016;51;2050446
2016-02-20T00:00:00Z;2016;50;2128428
2016-02-19T00:00:00Z;2016;49;2093738
2016-02-18T00:00:00Z;2016;48;1939739
2016-02-17T00:00:00Z;2016;47;1914990
2016-02-16T00:00:00Z;2016;46;1711396
2016-02-15T00:00:00Z;2016;45;2008462
2016-02-14T00:00:00Z;2016;44;2046700
2016-02-13T00:00:00Z;2016;43;2072443
2016-02-12T00:00:00Z;2016;42;2054779
2016-02-11T00:00:00Z;2016;41;1940405
2016-02-10T00:00:00Z;2016;40;1951028
2016-02-09T00:00:00Z;2016;39;1854116
2016-02-08T00:00:00Z;2016;38;1754914
2016-02-07T00:00:00Z;2016;37;1798625
2016-02-06T00:00:00Z;2016;36;1784745
2016-02-05T00:00:00Z;2016;35;1756319
2016-02-04T00:00:00Z;2016;34;1598872
2016-02-03T00:00:00Z;2016;33;1622841
2016-02-02T00:00:00Z;2016;32;1519383
2016-02-01T00:00:00Z;2016;31;1687537
2016-01-31T00:00:00Z;2016;30;1719663
2016-01-30T00:00:00Z;2016;29;1727167
2016-01-29T00:00:00Z;2016;28;1643833
2016-01-28T00:00:00Z;2016;27;1691702
2016-01-27T00:00:00Z;2016;26;1468892
2016-01-26T00:00:00Z;2016;25;1464562
2016-01-25T00:00:00Z;2016;24;1563812
2016-01-24T00:00:00Z;2016;23;1596446
2016-01-23T00:00:00Z;2016;22;1721805
2016-01-22T00:00:00Z;2016;21;1719119
2016-01-21T00:00:00Z;2016;20;1569471
2016-01-20T00:00:00Z;2016;19;1395737
2016-01-19T00:00:00Z;2016;18;1510035
2016-01-18T00:00:00Z;2016;17;1549609
2016-01-17T00:00:00Z;2016;16;1439705
2016-01-16T00:00:00Z;2016;15;1448390
2016-01-15T00:00:00Z;2016;14;1401944
2016-01-14T00:00:00Z;2016;13;1514157
2016-01-13T00:00:00Z;2016;12;1389756
2016-01-12T00:00:00Z;2016;11;1390444
2016-01-11T00:00:00Z;2016;10;1437016
2016-01-10T00:00:00Z;2016;9;1427713
2016-01-09T00:00:00Z;2016;8;1387556
2016-01-08T00:00:00Z;2016;7;1363236
2016-01-07T00:00:00Z;2016;6;1306098
2016-01-06T00:00:00Z;2016;5;1313022
2016-01-05T00:00:00Z;2016;4;1324132
2016-01-04T00:00:00Z;2016;3;1233524
2016-01-03T00:00:00Z;2016;2;1281674
2016-01-02T00:00:00Z;2016;1;1309096
2016-01-01T00:00:00Z;2016;0;1343864
