"","Gender","Height","Weight"
"1","Female",66.3867051836085,152.738489949504
"2","Female",63.0502034249265,128.227887852603
"3","Female",60.8599498021097,107.388929941296
"4","Female",65.2191144765081,138.569994661066
"5","Female",62.8928308396335,131.130446581715
"6","Female",63.144169145211,120.555017173442
"7","Female",63.9393635328807,149.230982045662
"8","Female",64.6594037099422,141.893064746243
"9","Female",63.2380660879524,115.985360957491
"10","Female",63.4884596395885,124.052871755915
"11","Female",62.1441284315367,130.552297752084
"12","Female",65.6426217600759,155.911023326178
"13","Female",62.589981961344,123.643444679756
"14","Female",65.6517073770095,159.490164305561
"15","Female",65.874520685968,126.088790729601
"16","Female",63.0386943759791,141.170727562953
"17","Female",62.3612846237029,143.557780610433
"18","Female",63.3134176904304,137.27695974185
"19","Female",63.3095949331229,144.017519304721
"20","Female",62.0998542419859,133.714224546198
"21","Female",60.1948969474763,127.860000106261
"22","Female",60.646987640002,123.862430020858
"23","Female",66.8024710615704,147.654985752367
"24","Female",65.3971324673664,141.506019820105
"25","Female",65.5242471494712,144.464104628504
"26","Female",66.614405140606,169.128652811809
"27","Female",66.7736747517196,162.100595728148
"28","Female",66.2027558306022,151.357788892023
"29","Female",61.4429503705955,127.601754089176
"30","Female",67.7208555797941,159.495168518468
"31","Female",61.6195509446675,129.670580277501
"32","Female",66.8302430947442,165.352733012123
"33","Female",64.5163492264064,124.592496077081
"34","Female",63.0861588603999,131.093121432032
"35","Female",63.9976955829103,143.341661234668
"36","Female",62.8269037406027,118.851401346172
"37","Female",61.9337579702405,102.471512542612
"38","Female",70.7101395263283,161.363484297774
"39","Female",63.7948401617126,124.655638900198
"40","Female",62.7771272227378,121.768006515088
"41","Female",62.6378787707722,115.11550956742
"42","Female",61.0194665614671,106.855294660298
"43","Female",62.2313974453422,142.155661288298
"44","Female",61.1892084059313,112.250076566388
"45","Female",64.859973239722,140.784838024313
"46","Female",61.3029256842087,123.609977549619
"47","Female",59.8050927800746,102.147229843053
"48","Female",57.6994920729147,92.2230532384112
"49","Female",70.0839211281893,165.771322537549
"50","Female",64.6875356311116,119.02465236004
"51","Female",63.5008257602947,126.860582596528
"52","Female",66.1484588506305,162.244457456505
"53","Female",67.4729124403219,154.621340351176
"54","Female",64.4339347618679,135.26994152491
"55","Female",64.489375631941,141.926122065719
"56","Female",61.9630512868898,142.404892875298
"57","Female",61.2184548963704,119.275426752581
"58","Female",56.6304119764382,89.480480272958
"59","Female",63.3491860007723,144.072707031161
"60","Female",62.0327637419294,106.268782884885
"61","Female",65.6555249020193,140.942519931258
"62","Female",61.9019609452297,131.02025573914
"63","Female",63.5988925995822,124.829550138566
"64","Female",64.3476315971152,138.815261189938
"65","Female",61.8392298475715,110.414161092118
"66","Female",61.1435994857813,127.447740240371
"67","Female",61.5740945111476,148.396904766621
"68","Female",65.2098234080249,150.36166229522
"69","Female",64.6557952517356,136.044220575536
"70","Female",61.4406566719271,126.299913218738
"71","Female",63.4709314682854,130.291661305178
"72","Female",65.3320138258011,144.806619669841
"73","Female",61.8781568640971,101.525235742981
"74","Female",66.0937129470602,131.150114364033
"75","Female",60.2805975643144,116.468154225546
"76","Female",62.9640000089819,134.431811357482
"77","Female",66.4698209360831,152.809403175247
"78","Female",68.3754527268264,163.809745755738
"79","Female",62.5074655865151,126.114933801602
"80","Female",62.2428760312028,139.40035326456
"81","Female",60.331972034375,86.0590456033491
"82","Female",60.0378758390918,115.522648033966
"83","Female",67.8653732064027,160.916713206875
"84","Female",64.6736897170256,143.775262638953
"85","Female",65.0671072312108,135.771360756767
"86","Female",61.5250911236378,133.528507704123
"87","Female",66.6961628139657,156.777739615059
"88","Female",64.4282887433345,138.22573740781
"89","Female",60.24552998231,135.511964950233
"90","Female",63.013256878704,121.787566579416
"91","Female",60.5506048942084,108.215882832314
"92","Female",61.6664350850308,120.606159272429
"93","Female",62.8486223663988,121.679765033919
"94","Female",63.9615351757076,140.762188360656
"95","Female",60.6342462997478,136.879127164819
"96","Female",63.8260546124413,125.556013177822
"97","Female",68.1114186443258,154.785882837839
"98","Female",64.8334732923971,138.521671353659
"99","Female",67.1008369422018,159.590702407731
"100","Female",72.0887123319944,192.530863261324
"101","Female",62.0264796805277,123.172683968554
"102","Female",64.1072603210836,138.73073965477
"103","Female",55.336492408949,88.3665825783999
"104","Female",62.5498457985719,118.90320396155
"105","Female",64.2647144784978,150.071344850799
"106","Female",62.6701568243573,111.080658285661
"107","Female",60.3038675679378,120.622362166802
"108","Female",65.7084959958281,136.957445305497
"109","Female",64.5022454380577,134.045492075742
"110","Female",67.9630161715707,162.409988494667
"111","Female",61.1630652757277,107.23544334682
"112","Female",63.5526215500581,137.209671998669
"113","Female",62.7803016284495,145.794374092131
"114","Female",67.3871042566167,153.134385399519
"115","Female",62.4440887350453,134.451299553178
"116","Female",60.1818845062468,131.380101247012
"117","Female",63.251340474777,143.823094536532
"118","Female",65.2359128237191,128.446414954298
"119","Female",66.3440551820552,161.339741617937
"120","Female",62.311533182375,136.236832642485
"121","Female",61.4154289542813,128.029571806619
"122","Female",65.107807007599,133.332513404247
"123","Female",62.5594947136909,129.439231106236
"124","Female",59.2425679866762,114.74094474661
"125","Female",61.9910742589966,131.410731903028
"126","Female",69.186811116755,166.13641093753
"127","Female",67.518692667356,170.330889207843
"128","Female",67.2962680175572,162.528178374671
"129","Female",58.6327204671158,102.469086784996
"130","Female",63.3551022216768,122.11604765339
"131","Female",66.7585572062827,166.232332686186
"132","Female",63.1044489208074,138.335712739484
"133","Female",65.2202120160348,150.441300495906
"134","Female",67.3735965886919,146.023295039745
"135","Female",64.5743951070672,142.095281980248
"136","Female",63.7322395071576,154.655272563838
"137","Female",61.9278304697097,116.79255657157
"138","Female",67.2813582403504,151.006827602194
"139","Female",67.1678197702471,156.234461922087
"140","Female",63.6778366219508,149.897013259758
"141","Female",64.777414193792,135.198020031907
"142","Female",63.623574223705,137.904633308725
"143","Female",65.268391373627,164.043947021075
"144","Female",63.9248923156247,132.960485399147
"145","Female",64.4337554607933,162.524500625397
"146","Female",60.1913304215395,115.045772393027
"147","Female",64.39091597417,138.471776884101
"148","Female",66.1109808978235,140.99845822054
"149","Female",61.4392509056909,124.260070655872
"150","Female",63.2550936718011,123.119527831255
"151","Female",61.2699716814111,103.71822371373
"152","Female",62.3211968836268,132.11859007208
"153","Female",66.0212319116557,141.656245159955
"154","Female",64.0357060393282,139.325029610765
"155","Female",65.6732135976802,138.473527651664
"156","Female",63.9356970015143,142.987758923614
"157","Female",61.8348171745656,141.039826994712
"158","Female",63.3365319462159,136.066723993253
"159","Female",64.493942764868,127.704661003082
"160","Female",68.7319514535088,164.110188723456
"161","Female",64.9444771017125,142.25613675765
"162","Female",63.9516216331207,143.791332388129
"163","Female",64.4186641653042,159.951109604137
"164","Female",58.913825870141,116.421136368464
"165","Female",63.3000056139882,121.948216965336
"166","Female",62.5342300513089,126.162458344502
"167","Female",63.9758004278133,141.691706812518
"168","Female",59.7181011502269,109.81665476432
"169","Female",64.7283901541704,147.519907389273
"170","Female",64.8412153964244,154.425304428477
"171","Female",66.2136806163984,142.91653374882
"172","Female",67.3034054445073,165.018629756849
"173","Female",60.4961932301216,111.831682461495
"174","Female",67.809664009435,161.619961942107
"175","Female",60.443789129043,109.688325769838
"176","Female",68.7865661160994,168.944931014248
"177","Female",62.8111019243342,117.181701114
"178","Female",66.6298343220198,145.594711615587
"179","Female",65.3437691809575,128.24054801676
"180","Female",64.7625294990012,131.352370598617
"181","Female",64.7106239752276,137.741896782866
"182","Female",61.52887955179,128.643464242143
"183","Female",66.3376605831011,141.38753191658
"184","Female",66.6973677273202,143.624547582329
"185","Female",62.8835262850901,149.606555366288
"186","Female",70.1286528332314,151.254270351714
"187","Female",65.3905225825116,139.111128777132
"188","Female",64.2946984483287,148.066097319915
"189","Female",64.7612257338878,151.942264691657
"190","Female",66.6835119027085,142.956797833686
"191","Female",62.1000960989526,109.349031666849
"192","Female",60.0304337715611,97.6874322554917
"193","Female",65.0738743041411,141.810065009845
"194","Female",63.9165972026092,145.624290589582
"195","Female",62.8061993667207,116.733315098915
"196","Female",60.334171278339,131.049008259448
"197","Female",62.9525409843533,120.673464017242
"198","Female",65.7343489284889,135.642651899425
"199","Female",63.7678147266928,134.751636815619
"200","Female",62.1921763613132,119.824287836539
"201","Female",62.2335982938096,122.759629375763
"202","Female",64.4167204087049,134.429990160312
"203","Female",64.3684095133994,139.550199728775
"204","Female",64.6498320470762,153.263908334908
"205","Female",66.9886126118952,156.256875536016
"206","Female",65.6209985093952,133.760493295565
"207","Female",65.2870994428939,145.469236629349
"208","Female",61.7245405582376,134.255543725269
"209","Female",63.5510697224229,133.37869908068
"210","Female",63.7317326816991,114.269749554834
"211","Female",58.351003040251,110.122150970153
"212","Female",64.8968616591026,143.344692374485
"213","Female",63.6921566091057,136.892889770776
"214","Female",66.6483558171759,159.593544317633
"215","Female",66.503762374069,165.808363945837
"216","Female",63.7780793626365,149.894951440861
"217","Female",62.3961536333553,127.032748132563
"218","Female",60.8896815106693,116.567487619501
"219","Female",62.1987073393976,122.548925366031
"220","Female",64.8740791054647,157.38899082076
"221","Female",65.069034351473,142.637415077436
"222","Female",65.5374631224154,149.294182633801
"223","Female",60.9708563201496,104.855402952307
"224","Female",61.9812103654571,118.821493236688
"225","Female",66.341333745267,156.232125374109
"226","Female",69.1902638633848,164.044585015642
"227","Female",66.4708459825994,161.374932965809
"228","Female",60.4007145012663,118.713809273295
"229","Female",61.2535789499672,109.681757895934
"230","Female",63.386660312589,114.504560767949
"231","Female",64.8944853405327,144.593585247652
"232","Female",58.9969439920839,113.734396983804
"233","Female",62.0747828069918,119.659324498929
"234","Female",65.819006672503,170.627119265832
"235","Female",64.753141205598,141.389346471343
"236","Female",64.7475146581568,136.530687014797
"237","Female",61.4647835289526,137.299168988017
"238","Female",61.3039241329657,128.269264728816
"239","Female",65.1911829334184,130.516731017375
"240","Female",63.020298998632,137.899014653914
"241","Female",65.6055753685281,136.143748949103
"242","Female",66.8927365581372,161.098982098272
"243","Female",64.2583419546562,140.236766031172
"244","Female",61.6177690699442,125.025052179427
"245","Female",64.5297549662538,124.97002296508
"246","Female",65.3060946626047,141.379213292682
"247","Female",69.416718012066,170.626274579613
"248","Female",66.2065976991153,169.089759579162
"249","Female",67.0223707095967,162.026552396676
"250","Female",68.9376550725009,155.689830924
"251","Female",61.099684522662,117.196783823799
"252","Female",66.7000747594028,135.856007822104
"253","Female",67.2706148534122,144.03910414616
"254","Female",63.6741671113923,135.830954683939
"255","Female",61.0085441877015,118.038053266885
"256","Female",64.4434955523069,151.523947280029
"257","Female",62.716831922634,108.59268713397
"258","Female",58.7063154217927,101.990470324876
"259","Female",59.3308190713878,102.515972835535
"260","Female",61.8176552663779,121.615000159206
"261","Female",66.475461065156,149.205171164975
"262","Female",66.423548691244,148.32030045213
"263","Female",67.9453607959868,161.281836515085
"264","Female",68.4589107358197,176.15264756373
"265","Female",67.724592112743,161.353307368869
"266","Female",66.9438331520537,168.623790601575
"267","Female",68.1425453912443,163.109726060221
"268","Female",65.1476595576194,134.662024671615
"269","Female",65.6880435111746,150.271431909863
"270","Female",59.7599482266044,119.717507263397
"271","Female",62.0694248149154,121.961284895735
"272","Female",61.9169992927485,126.87844940085
"273","Female",63.5626556671376,151.295244170098
"274","Female",62.7445892051915,117.601882795413
"275","Female",61.8828139360392,116.711030078486
"276","Female",60.9809836860399,132.21854155707
"277","Female",66.228113421389,139.638425673039
"278","Female",64.7727456118938,143.445450391041
"279","Female",62.1535621695042,134.027912784951
"280","Female",61.1538660164304,135.425417795574
"281","Female",65.8756450362095,141.018132108356
"282","Female",58.5775758255851,109.05162928532
"283","Female",62.1015201203098,145.44756721962
"284","Female",62.9932298086649,139.408491691341
"285","Female",66.721445444981,148.423761851276
"286","Female",65.248367004034,137.164305171993
"287","Female",63.7726037768398,136.29824432494
"288","Female",63.5306483091914,131.41893369402
"289","Female",66.190590843343,141.271956088319
"290","Female",60.3333723850573,102.256837788828
"291","Female",63.9896920632008,141.487752526284
"292","Female",62.6570400938303,131.731382544018
"293","Female",65.0369904342518,147.87035670998
"294","Female",61.1032162867816,120.409350956552
"295","Female",64.46595255684,145.133615510115
"296","Female",57.7648078883808,89.7899984409701
"297","Female",65.8652442036665,155.248900282561
"298","Female",66.2940589437949,153.138692653924
"299","Female",59.8302635762905,99.7247419691343
"300","Female",62.196274493421,120.008198718904
"301","Female",67.0160108447014,145.559180885427
"302","Female",59.550766330213,132.98838873545
"303","Female",67.520343353925,158.209688030415
"304","Female",63.1829901835681,147.997415498463
"305","Female",68.244709889445,158.25171887237
"306","Female",62.5619189033833,141.276705100823
"307","Female",62.9468079064824,131.267399254072
"308","Female",62.9552737535274,150.582520877049
"309","Female",65.4709896468326,155.580439909483
"310","Female",65.5863987348924,157.146160925858
"311","Female",63.5814065482242,138.229396222889
"312","Female",61.0186105692054,120.826700385081
"313","Female",61.6989411060057,117.003707390074
"314","Female",64.5204306080672,138.789809264946
"315","Female",60.5847210127074,116.051246486874
"316","Female",66.6923901822954,162.785509792322
"317","Female",65.6829449604425,144.236194928815
"318","Female",62.1938626262822,132.060156864781
"319","Female",61.5084288750785,98.3315463731666
"320","Female",69.3797348894693,177.700043739673
"321","Female",64.241109008327,142.579014412498
"322","Female",67.408917564228,170.270947718714
"323","Female",65.5633590016224,141.291784270822
"324","Female",62.6400190057392,114.82280277388
"325","Female",61.4759039649658,142.518795745625
"326","Female",62.6079375086972,125.891895990819
"327","Female",60.783286619805,113.593997537514
"328","Female",62.031264677257,128.748688352743
"329","Female",60.0985913347773,122.744885450502
"330","Female",63.6880024112429,136.353418523922
"331","Female",68.6859030388057,157.925011878086
"332","Female",60.2705738971792,121.647420362571
"333","Female",65.80002802435,151.5569464191
"334","Female",69.0053177015551,176.83294692253
"335","Female",62.8346978405317,132.419183779592
"336","Female",63.2935049809343,138.694005111524
"337","Female",60.1772872079128,116.397024904313
"338","Female",60.4740883317614,126.68352528844
"339","Female",63.6778681520585,104.151559641935
"340","Female",62.5650084471955,144.724947290496
"341","Female",65.1909795177654,158.778935660007
"342","Female",61.5926841560757,118.157335069133
"343","Female",66.597740053578,152.242961212192
"344","Female",66.6406919712605,133.006943491138
"345","Female",66.3020764286836,161.753978929902
"346","Female",64.0140563938974,136.776717207729
"347","Female",61.3535153498264,136.302488151554
"348","Female",61.2330938493363,124.437053099369
"349","Female",62.7764090005046,133.843538722038
"350","Female",63.9214312444869,142.843103380073
"351","Female",61.7444361798333,125.448543149665
"352","Female",63.7355604496328,142.491203674906
"353","Female",60.6947364125673,90.1854056497334
"354","Female",62.3913826281639,125.635115013887
"355","Female",64.2103261288421,144.137950911822
"356","Female",63.216686269988,134.896117147254
"357","Female",66.2451658543593,165.61655605684
"358","Female",60.8430594839017,116.50475222455
"359","Female",70.0148367679715,188.61788343531
"360","Female",66.78882198784,152.410698939111
"361","Female",63.715969976713,144.256790545024
"362","Female",63.7922299272973,129.341080849315
"363","Female",63.8581076637926,132.994496529638
"364","Female",64.101749313676,146.648296418732
"365","Female",57.9684983865593,118.720590126508
"366","Female",64.494837574551,149.402546671129
"367","Female",65.1254074215185,140.376335631349
"368","Female",63.957582696034,118.892956803453
"369","Female",66.5323920249645,159.636138297466
"370","Female",64.4678892996281,127.852736440951
"371","Female",64.6340412960218,135.272743229695
"372","Female",66.2173148683178,143.042566799264
"373","Female",64.7470820663934,144.624626086045
"374","Female",60.340781078074,111.077754467776
"375","Female",62.1916974375019,112.935460903956
"376","Female",63.8041313556725,120.607957981681
"377","Female",63.0306350404741,126.733534709637
"378","Female",67.8441031587467,171.736596128538
"379","Female",63.2962500059043,137.919795002486
"380","Female",61.6676885310788,134.732657779781
"381","Female",66.228131947261,141.604855301098
"382","Female",60.030610123321,104.497331810975
"383","Female",66.8193480373946,149.658877299298
"384","Female",67.7366840897626,152.706192826675
"385","Female",66.1604542716245,143.655171885161
"386","Female",68.7100749700579,165.110459051454
"387","Female",63.033676483203,127.640417273188
"388","Female",64.3582635484732,138.856205743935
"389","Female",60.6381853617395,116.420944630111
"390","Female",67.8283434153382,173.360436577976
"391","Female",62.7958160718507,128.80629334316
"392","Female",61.9236976699269,134.682126594453
"393","Female",60.0355612214283,112.952625183124
"394","Female",59.7985872655286,102.78782640386
"395","Female",65.9136422363802,152.000214278373
"396","Female",64.297840961769,138.597196770461
"397","Female",61.7896119717584,123.681887562023
"398","Female",60.5033265387832,117.673179032708
"399","Female",63.2187589332422,140.407857970989
"400","Female",63.7960323721127,146.455298633415
"401","Female",63.0346856482085,139.281282721488
"402","Female",64.8921521340993,146.610303918176
"403","Female",65.095308354207,156.062396331944
"404","Female",69.8614309758372,178.391841824564
"405","Female",66.3182407416543,138.537010044666
"406","Female",63.7376719628781,137.940289517604
"407","Female",63.5528924997549,141.953060290094
"408","Female",63.6651475160608,130.077250566254
"409","Female",61.3366590164904,127.341819977669
"410","Female",61.4952281152822,145.746689074312
"411","Female",63.6004800623691,131.040872806245
"412","Female",65.207359450851,150.498578930879
"413","Female",65.3350518517926,147.102398686601
"414","Female",63.290223692792,133.292934706536
"415","Female",69.4459321022436,169.819908603971
"416","Female",64.4058123983681,125.173247603755
"417","Female",61.8356523835951,141.579654053645
"418","Female",63.8962241979306,112.425137694589
"419","Female",63.4440555002437,126.507631240561
"420","Female",65.167673917306,135.714823804041
"421","Female",60.8575428572594,139.246001798841
"422","Female",60.2664077661042,113.069568924979
"423","Female",67.6166729266317,171.112202786287
"424","Female",62.993193577494,128.292204045507
"425","Female",65.8186336225677,157.507511451358
"426","Female",59.8377120086964,127.947748191752
"427","Female",61.979579407219,116.954744870911
"428","Female",63.5934594765503,133.84762727698
"429","Female",64.8180778022974,151.493586981401
"430","Female",62.5554253421448,144.299189909668
"431","Female",59.7650095061103,106.218846541064
"432","Female",63.2216831308406,127.861973082503
"433","Female",61.1188703556325,108.438995490801
"434","Female",59.6990243061141,111.148256038695
"435","Female",59.6319099013699,109.281638742373
"436","Female",66.3785893171629,153.447070977824
"437","Female",66.7671973803215,157.006813541203
"438","Female",67.7290819215933,147.505871272483
"439","Female",66.185538128157,154.320800770233
"440","Female",64.1742790637743,135.131330793471
"441","Female",64.5802071176162,126.432720526499
"442","Female",66.3948756331919,162.303398750158
"443","Female",69.3133813369547,154.484541722811
"444","Female",59.9559581707296,119.880437088442
"445","Female",65.7528095339208,160.290048457993
"446","Female",59.7654023621743,133.479484363974
"447","Female",68.1011722359871,166.575660760601
"448","Female",57.5587103279895,105.173923396841
"449","Female",67.4606049324002,165.866935218659
"450","Female",66.3211094228487,145.352441920009
"451","Female",57.1038694679138,93.506315903823
"452","Female",63.5993726430893,130.048574977112
"453","Female",63.5314631895709,131.435989492709
"454","Female",64.8304398670452,152.942983011778
"455","Female",63.385061463344,139.183355388702
"456","Female",62.044035447391,114.478723303558
"457","Female",61.9763096967803,141.855825003357
"458","Female",63.7577282412983,134.724986778298
"459","Female",63.2314173253626,138.831252078422
"460","Female",63.4336075291544,145.973897875105
"461","Female",61.1772757055263,127.197055303308
"462","Female",59.3949177288618,131.37996833462
"463","Female",62.5543196835943,126.491105015903
"464","Female",63.7830427504241,149.344027647034
"465","Female",57.2330564010914,99.3712842598644
"466","Female",62.9811500235096,154.428477515132
"467","Female",60.9897910515356,113.632693208351
"468","Female",59.8913966191576,108.625579032739
"469","Female",64.0136536061212,121.812722244771
"470","Female",63.3494163565599,156.005407993291
"471","Female",60.9132709085014,123.827603454657
"472","Female",67.449272973975,170.830353595279
"473","Female",69.6658187244236,166.919445583037
"474","Female",65.0581465772376,142.30851703073
"475","Female",66.7551632092198,137.641530751013
"476","Female",61.737734964322,123.08006277697
"477","Female",65.3833115263583,129.375501986123
"478","Female",66.7661566062845,152.944405048544
"479","Female",63.6001516903264,142.682825085499
"480","Female",62.5073353104524,121.546400468097
"481","Female",61.6520018174032,126.460135597711
"482","Female",65.1110636621304,129.070359037732
"483","Female",64.3553428554025,138.311322814244
"484","Female",65.009259176003,145.823201893364
"485","Female",59.0832025013209,99.331383442546
"486","Female",66.0369906490538,150.994562500593
"487","Female",64.9858098368903,141.288353684465
"488","Female",59.3077871493332,108.425989559395
"489","Female",65.888565594617,136.802560143162
"490","Female",61.660227269952,120.991716643945
"491","Female",68.2593111409607,171.856035488825
"492","Female",60.6707844690725,100.559840283468
"493","Female",65.3968000388706,149.920266849602
"494","Female",64.0839115736962,127.84323183216
"495","Female",64.1478240856383,148.645119428226
"496","Female",67.1159348673151,131.720517256489
"497","Female",63.4680884970702,137.826992562929
"498","Female",62.6430751058233,122.056268278697
"499","Female",65.3799742061384,142.875141463859
"500","Female",66.8423667997649,160.041974166854
"501","Male",74.1478574749085,211.237967951941
"502","Male",68.0311723088424,176.665352902051
"503","Male",70.475543576638,197.894757432703
"504","Male",61.740657718642,140.009978611136
"505","Male",70.2657561365655,192.689381620611
"506","Male",67.2269862252501,181.709618932242
"507","Male",68.4662110111661,192.533340148004
"508","Male",67.3747648517319,188.77215441011
"509","Male",69.7643008589258,196.014585086913
"510","Male",69.6134038324844,188.868777815123
"511","Male",69.3493930993854,184.316088219314
"512","Male",65.8801355873964,157.450579917075
"513","Male",73.4591841359929,211.789007861233
"514","Male",64.6264020963261,135.894462208143
"515","Male",72.4320810423557,210.722947438366
"516","Male",69.1283566295392,184.142280775944
"517","Male",71.4189459863648,198.042483889936
"518","Male",69.1199197574605,188.983145752021
"519","Male",64.9854983591548,159.112310378071
"520","Male",66.3498816741056,172.734764801689
"521","Male",71.3018406964116,206.164718336642
"522","Male",64.7370890418541,150.05081279828
"523","Male",71.0890620694282,182.777412454632
"524","Male",67.1761153618309,174.579024534819
"525","Male",73.5261650303016,202.310574467365
"526","Male",65.2860255086334,161.420081658509
"527","Male",67.6555433886759,178.915940089694
"528","Male",67.4450406758823,162.84451906492
"529","Male",67.8931963386043,162.006651848287
"530","Male",71.5284242920317,192.072946759933
"531","Male",70.7896983309274,186.57562595798
"532","Male",70.8896843546012,195.773075283178
"533","Male",63.6481439988488,160.875108800433
"534","Male",69.4099946945755,187.084888803081
"535","Male",69.5273197188296,189.027367850759
"536","Male",67.295350598399,189.80976136385
"537","Male",64.0980072075644,164.482231596251
"538","Male",69.0896314289256,184.435174408406
"539","Male",71.7023601044284,214.787698329876
"540","Male",73.2230709356739,216.149217729092
"541","Male",70.2995853867691,213.472574289259
"542","Male",69.6496606499686,211.914748371743
"543","Male",72.226732736188,203.39016932949
"544","Male",67.8789538779499,163.724432624055
"545","Male",69.8015752287252,203.258375100339
"546","Male",70.534667254932,203.763291531888
"547","Male",69.1566260268187,193.178917075216
"548","Male",63.4402474670865,135.655875865835
"549","Male",73.1930084082932,206.750503917448
"550","Male",72.0330446599993,209.573666911108
"551","Male",67.8676651992023,168.817571526638
"552","Male",70.7152956036217,209.161474219645
"553","Male",69.2636786808727,196.375781838728
"554","Male",64.2573893787447,158.028620579154
"555","Male",68.809922560961,186.908816513133
"556","Male",65.9411193658542,181.069175790509
"557","Male",72.0989044448574,207.539909456573
"558","Male",68.5683746655455,179.795968121258
"559","Male",73.3395900024196,217.061053258419
"560","Male",70.9134685594946,205.376736565815
"561","Male",69.8274877880673,206.592175127763
"562","Male",72.7653699463424,220.678041465283
"563","Male",66.5921571146877,196.148449846229
"564","Male",71.2234233851763,194.941406763195
"565","Male",65.5387684792915,158.703141332814
"566","Male",69.7984568782605,181.418073997721
"567","Male",73.4279700737196,223.1906997735
"568","Male",71.233911393331,214.060148220865
"569","Male",70.5311746623251,176.993077929943
"570","Male",63.8734089118585,152.554619713603
"571","Male",67.7198142648655,171.731927542274
"572","Male",65.5618740179489,172.808129352515
"573","Male",69.553614036104,203.811090942794
"574","Male",69.3830474047613,200.566659110968
"575","Male",67.8146018831068,191.760001792547
"576","Male",65.7407433964426,173.875963217753
"577","Male",62.2946949169642,149.497251734629
"578","Male",75.6986182493622,249.5656279814
"579","Male",68.4156512567171,171.321216279214
"580","Male",74.4064813701917,220.720177027006
"581","Male",69.5785254182889,180.714443779292
"582","Male",71.0265434592106,186.229238409764
"583","Male",65.0906614319938,152.524792423902
"584","Male",69.7310134328264,197.639549584084
"585","Male",71.7422762291745,187.965355359453
"586","Male",64.4895748475673,166.704316001462
"587","Male",68.914254430953,186.714567782714
"588","Male",68.5621793113471,190.36547225267
"589","Male",76.8668549581823,240.536796698663
"590","Male",69.3850625328453,194.615457891224
"591","Male",69.2170091490298,188.089942149186
"592","Male",61.8348491587699,143.421461766188
"593","Male",69.7542135903978,193.459981115456
"594","Male",74.5294545564111,225.540078907474
"595","Male",73.1131767925108,211.419775075714
"596","Male",70.7703571321698,197.332612713016
"597","Male",67.4275147301254,177.115331747636
"598","Male",69.1468943379911,202.242485332384
"599","Male",70.9086530626676,201.883998700574
"600","Male",65.9964642618552,183.470679724807
"601","Male",66.7103909924789,174.990111793505
"602","Male",67.2820244545793,182.269967984594
"603","Male",70.4276026086633,174.046350502894
"604","Male",70.1447629127649,194.831395532055
"605","Male",66.5850935042583,175.056233911292
"606","Male",68.0422060105184,169.430852318367
"607","Male",70.8786331014574,194.073974555957
"608","Male",71.7967671979694,209.379310185811
"609","Male",67.5683852020563,186.056729156222
"610","Male",70.9520088674667,194.288669865327
"611","Male",72.7317876678943,213.683943406133
"612","Male",67.6943047368205,178.159153413349
"613","Male",69.576910461382,182.888713352003
"614","Male",65.8791565562673,168.174864370716
"615","Male",75.4563283585185,206.503557529833
"616","Male",72.1989792983851,218.063751401917
"617","Male",69.258554352234,184.654127863989
"618","Male",72.69525855305,181.325329135447
"619","Male",65.5440762535086,171.980331261146
"620","Male",66.0297085023259,174.058235447194
"621","Male",68.2570470197552,185.646596436309
"622","Male",66.8777833476298,186.880959945505
"623","Male",67.68008390976,169.611562032223
"624","Male",70.1423146566048,175.180490189231
"625","Male",74.458497765373,209.94876840802
"626","Male",62.3467160461908,139.196621068627
"627","Male",66.9662680128975,166.433244778843
"628","Male",70.7796702953679,193.759932289639
"629","Male",66.175870316724,176.479343050833
"630","Male",70.2078017302564,194.205522589796
"631","Male",69.1968575103315,178.685546470181
"632","Male",68.4908127185185,189.806681842181
"633","Male",72.3674921385285,218.394554707762
"634","Male",69.3685618387487,182.093279408494
"635","Male",66.2743291154144,154.395624779233
"636","Male",70.6633230772118,195.626319057537
"637","Male",63.4151658902191,156.129232829763
"638","Male",72.7580540391032,211.749664066102
"639","Male",69.6371894405707,205.297105488172
"640","Male",69.812724635604,196.613143811568
"641","Male",68.9027140136862,191.835824742788
"642","Male",73.4327364722673,208.870917718083
"643","Male",72.9218709882587,209.748798893372
"644","Male",75.624031351581,241.202330051514
"645","Male",71.6202858302892,208.755718174636
"646","Male",70.0593309810197,225.014367955245
"647","Male",67.7300813566241,175.95379704853
"648","Male",74.1613143798719,223.612953199062
"649","Male",69.6058825883667,187.531900174482
"650","Male",68.8369333583183,183.69782679939
"651","Male",65.8927525257603,158.184985696975
"652","Male",71.4637646915818,207.768534974947
"653","Male",68.007994184228,171.222080694357
"654","Male",78.9987423463896,269.989698505106
"655","Male",68.5617507293083,172.195363687745
"656","Male",71.1651542686907,194.060584184096
"657","Male",64.9950782592052,177.727094498411
"658","Male",68.7624575579021,196.293805874861
"659","Male",67.0429030337102,182.721452432648
"660","Male",67.8514590700922,181.718885083568
"661","Male",70.4599451027778,199.183533286829
"662","Male",68.4827075052988,174.455554221592
"663","Male",68.4643740899053,182.904011737154
"664","Male",64.731925597255,177.549263423371
"665","Male",74.6045913696159,227.698982848865
"666","Male",67.9333838365102,184.409520002429
"667","Male",74.4012095099531,223.825507204988
"668","Male",67.0867812193882,164.175700818982
"669","Male",66.4451469338002,163.293386740245
"670","Male",65.0926563918755,167.433532984504
"671","Male",65.2859132174667,161.148234552839
"672","Male",66.7528662909405,163.690688814
"673","Male",68.4483486280848,191.824596578723
"674","Male",69.9844049710536,192.144110491612
"675","Male",65.8732341058732,174.498555669522
"676","Male",69.827310105956,200.232020572465
"677","Male",71.1902992551411,183.845507094266
"678","Male",68.1628438201794,176.741831285592
"679","Male",74.724139030466,207.298331446494
"680","Male",71.279461772804,209.900130709698
"681","Male",70.372074455918,192.078251235246
"682","Male",71.602230803852,209.018700094943
"683","Male",72.4507213695112,201.919563133632
"684","Male",68.7206084483133,173.888102715451
"685","Male",67.952921585074,171.21714133587
"686","Male",63.618717286078,162.674975183263
"687","Male",70.2542610707768,176.048644141936
"688","Male",66.7049804510998,164.179485990267
"689","Male",66.510042769778,181.938176062062
"690","Male",67.0319802933961,171.732943347725
"691","Male",68.7372207368562,169.641736925312
"692","Male",71.5478186714699,199.797381303741
"693","Male",67.9863735952195,170.276247779189
"694","Male",70.4644564912116,189.626283044298
"695","Male",73.4040585211468,192.732404676961
"696","Male",71.4228870725134,188.959904524735
"697","Male",64.8794180795133,161.611017836206
"698","Male",73.0597785759867,196.059169371603
"699","Male",65.6419185352144,170.2141084504
"700","Male",69.8959573133937,181.448134946726
"701","Male",72.9213671359476,213.924486409781
"702","Male",69.9476363051415,188.314969689569
"703","Male",71.6753933986812,193.441744085767
"704","Male",71.4290969498032,205.703629131647
"705","Male",70.0350426795083,193.775477318303
"706","Male",72.3652287194522,195.01383683324
"707","Male",72.0553240378125,202.334695478699
"708","Male",70.34760169895,190.817513434908
"709","Male",68.9400392454081,171.910335234252
"710","Male",69.0082594618674,196.051188755039
"711","Male",66.4748368010421,168.897518041255
"712","Male",70.9764907630517,199.809881461528
"713","Male",67.9079954305426,199.479457999465
"714","Male",71.9384959492937,217.55978401917
"715","Male",65.82763577673,192.881640534385
"716","Male",61.1364754370795,125.827021940119
"717","Male",67.2907755320768,154.718344015327
"718","Male",70.6024088402538,216.511147837803
"719","Male",68.8430120886585,153.468050364256
"720","Male",70.501368203878,180.135324446521
"721","Male",68.5905627163459,182.08122859673
"722","Male",61.4703691672621,128.724049595521
"723","Male",67.9918954453877,179.390563783689
"724","Male",64.9223362561123,179.40909186231
"725","Male",67.7770087271898,179.78408406002
"726","Male",70.6810437360309,195.985898110075
"727","Male",68.3141883278045,174.243488335751
"728","Male",74.9550649859763,221.15946610755
"729","Male",74.9769526518056,248.8488726642
"730","Male",72.3935124291211,209.420947695632
"731","Male",67.1294975106874,155.520712829209
"732","Male",67.7003580213677,155.162586782756
"733","Male",71.0348292167102,202.039446006115
"734","Male",72.1740783551613,186.188841932583
"735","Male",63.9928990838624,154.963174147379
"736","Male",66.6952963994548,157.728114223695
"737","Male",65.521632994187,159.936436035272
"738","Male",67.5211171560713,188.409426189908
"739","Male",69.5735915739679,165.784742409677
"740","Male",71.527047694968,202.748739711506
"741","Male",75.5332113409862,227.945247678575
"742","Male",65.6826550678392,180.490439873199
"743","Male",68.478002075726,190.686022530134
"744","Male",69.351832242262,174.359598738334
"745","Male",67.2815268578408,174.974135995046
"746","Male",68.0233742761253,169.786696674258
"747","Male",68.9635344504657,187.519514498714
"748","Male",67.0121854088821,166.631665835137
"749","Male",70.287376218039,203.531508961978
"750","Male",68.3045359435121,203.230651520549
"751","Male",69.2651396159888,172.30039050559
"752","Male",73.7165276342286,223.514722344292
"753","Male",69.7414813542449,176.995816783479
"754","Male",71.8537220901297,212.814664230367
"755","Male",62.8041907055702,148.605042361239
"756","Male",67.928135504694,183.475220126706
"757","Male",68.8908389093416,190.51348690364
"758","Male",69.806290688136,186.673516437421
"759","Male",68.194200258067,181.028404236627
"760","Male",68.6397698200344,203.005896094637
"761","Male",71.8047729223144,220.398127200159
"762","Male",73.0563442505026,204.4603316173
"763","Male",67.4868238954174,164.295241252612
"764","Male",71.5268488121848,189.282246099829
"765","Male",66.5398122216795,175.093254689416
"766","Male",69.6229170546832,186.354367392259
"767","Male",68.118097827498,180.0656094066
"768","Male",69.5059599786522,192.842105715014
"769","Male",68.3997191187644,171.329108454027
"770","Male",68.1061090732165,187.420090888079
"771","Male",70.3892007063949,178.851348335504
"772","Male",71.0641053823961,200.684159640694
"773","Male",70.4521407449342,188.098837300362
"774","Male",65.6510895191431,164.649813939991
"775","Male",70.1234956383183,186.759015473652
"776","Male",69.20709958564,172.775162679409
"777","Male",69.5686723852038,200.704051660034
"778","Male",68.0117487265409,175.015090454059
"779","Male",68.8451168683983,187.02782850743
"780","Male",70.0509901129706,184.833519784275
"781","Male",68.4308133914105,190.505810039573
"782","Male",69.7449152056439,197.655268021174
"783","Male",69.3318001265486,182.123250244944
"784","Male",71.5424912101482,203.783434776047
"785","Male",72.4304550804762,208.141537132869
"786","Male",69.5929425862754,187.863071139607
"787","Male",67.6060586161904,180.254815838747
"788","Male",66.2460989997015,191.636714076471
"789","Male",67.4930115906159,171.606063299967
"790","Male",70.2933874170617,189.249206322568
"791","Male",68.2319539277068,195.261990296064
"792","Male",74.7857143190925,239.464342902696
"793","Male",70.7862898094215,211.216080923481
"794","Male",63.7202595179898,156.769607037403
"795","Male",69.6917430451575,184.618952908832
"796","Male",68.1795326940723,169.787768075943
"797","Male",69.736086706944,185.524260351598
"798","Male",70.030762146807,205.847783596065
"799","Male",71.3507825807641,213.313319203983
"800","Male",63.5805658253015,142.174759588665
"801","Male",70.9165517924984,191.883267018275
"802","Male",68.8406335127133,171.921149933427
"803","Male",70.0089732579007,184.061795734488
"804","Male",66.3581370533707,173.355927890825
"805","Male",67.5561832236562,200.77969103152
"806","Male",75.8501122218929,227.277965379289
"807","Male",65.9030878188522,167.616692609915
"808","Male",63.0000474918155,165.555965906858
"809","Male",70.3271164111783,192.497160869606
"810","Male",66.8672456973977,166.398121654861
"811","Male",65.9308962149966,163.008431653289
"812","Male",72.4107267625413,210.364091058104
"813","Male",67.0478395971856,171.34574590784
"814","Male",63.8620410671123,155.081236703994
"815","Male",72.2150349075593,204.937760149992
"816","Male",69.7297501998193,205.228706404825
"817","Male",67.7280173908753,169.458093984868
"818","Male",67.5467614711226,163.495202566767
"819","Male",67.9475700421625,177.347779818472
"820","Male",69.2034285319249,186.393762304283
"821","Male",69.9228101460632,197.26637924836
"822","Male",73.4053573956574,209.260758499741
"823","Male",70.185950915161,188.001394221727
"824","Male",72.1405301177477,204.635439705712
"825","Male",66.8618612870774,175.797275435425
"826","Male",66.577515666538,178.488156967759
"827","Male",71.4537368927103,210.692147696716
"828","Male",73.8418843982711,214.032503768682
"829","Male",69.8938135929651,200.796854476097
"830","Male",72.9347673999795,210.054856010528
"831","Male",70.8593468293598,190.799189796735
"832","Male",75.9999570462348,224.440459195823
"833","Male",65.8060149938198,178.972481199624
"834","Male",68.62688583476,189.44924046642
"835","Male",73.815245828881,208.866033768226
"836","Male",68.95308193894,180.482258816931
"837","Male",68.3600721836798,176.413500728368
"838","Male",69.342607631827,186.206275034938
"839","Male",71.0433563208046,204.627727659118
"840","Male",70.9672665637126,194.197812324396
"841","Male",64.7461743198555,176.948432999639
"842","Male",66.601283321681,162.557438538084
"843","Male",68.3120637440907,184.778847954911
"844","Male",61.8903594991126,140.804101695825
"845","Male",69.7778750693985,191.497898579147
"846","Male",65.7260320477284,169.675260295768
"847","Male",67.5124846483694,186.291276195306
"848","Male",68.074619757401,176.977425541785
"849","Male",70.0414169249094,201.546424499691
"850","Male",69.3846609362989,198.516606640857
"851","Male",70.4854481656936,204.827449737938
"852","Male",65.3577593032289,158.043230120099
"853","Male",66.937451868686,169.450393889519
"854","Male",68.5031915142394,183.731286117888
"855","Male",74.0802749473551,194.778854330805
"856","Male",68.4840293015593,180.896286583736
"857","Male",71.008540415621,207.550279927852
"858","Male",71.5903472755779,210.046394665473
"859","Male",65.4048857028292,176.155548889135
"860","Male",68.0825461504266,162.510469344354
"861","Male",70.4748147089426,193.64745607593
"862","Male",72.9397364716663,199.095171377781
"863","Male",68.7483882341235,174.654960984733
"864","Male",70.9291250844694,203.370463215939
"865","Male",71.3313126649412,194.401079380422
"866","Male",64.8127073004397,163.428121742457
"867","Male",70.691597577465,184.689522521487
"868","Male",70.18876718924,192.860019954761
"869","Male",64.8904252076047,157.249289180483
"870","Male",72.1895620404837,214.686484468206
"871","Male",67.7799121676394,173.387966081254
"872","Male",70.462302710932,191.920727299067
"873","Male",71.3298978387032,196.619819738355
"874","Male",69.1048034357093,184.90189234523
"875","Male",71.2535351070399,205.353927314775
"876","Male",73.8468914828124,228.275180426949
"877","Male",72.7385925117877,190.282758630298
"878","Male",68.9386792374231,178.209301402565
"879","Male",71.5949264511216,197.887062757889
"880","Male",65.438042517702,178.446423040865
"881","Male",71.4081522081335,208.059373566721
"882","Male",69.9027563992005,177.712966560632
"883","Male",71.8732522912439,211.322776441833
"884","Male",65.8383911344328,177.211696598095
"885","Male",73.0964779848914,205.157577990748
"886","Male",70.119097746151,180.243708931419
"887","Male",68.9253585994432,191.065682955728
"888","Male",66.7307545541728,174.156893015953
"889","Male",74.5451369404472,218.437567908138
"890","Male",71.5484957096636,197.819614833288
"891","Male",73.9125491549722,202.42995958962
"892","Male",66.938626493497,175.942606656407
"893","Male",70.340936458423,199.133426685317
"894","Male",65.8723498540595,178.216677929299
"895","Male",71.9484863946171,208.204435251595
"896","Male",66.463444636652,169.965151554604
"897","Male",75.4271605167415,222.183966911474
"898","Male",63.774862824128,160.627933946605
"899","Male",66.9449989974955,171.105004357758
"900","Male",67.6244772604476,193.769780239924
"901","Male",72.7422091550301,202.873682756823
"902","Male",71.8433084180584,196.505813604593
"903","Male",70.2133754264451,197.500019161713
"904","Male",61.3285017825521,139.827983784206
"905","Male",65.8497985691504,165.54268995694
"906","Male",65.6776085322676,181.382417042021
"907","Male",72.5596952881594,210.863639710134
"908","Male",67.2293422715995,161.70353617837
"909","Male",70.3225500128014,190.461776758205
"910","Male",72.9832209363286,224.372519860368
"911","Male",66.9504805967336,174.845396598486
"912","Male",71.4523265352799,203.448273004639
"913","Male",67.8413625063854,179.647844388469
"914","Male",71.7514225465602,215.935393918098
"915","Male",66.7506541256505,179.542017143198
"916","Male",72.4670249302543,208.294588690205
"917","Male",70.5423927817371,197.04185851977
"918","Male",68.629930675173,184.289728965999
"919","Male",69.9648106258336,186.451542800869
"920","Male",70.4666893102283,187.5174420175
"921","Male",69.0640886145382,189.806645514336
"922","Male",71.8154204495308,201.620666747742
"923","Male",68.8194304575907,184.718503166652
"924","Male",65.07111347024,180.756525640392
"925","Male",69.2104130403531,187.624820339102
"926","Male",68.1525343485532,193.159348804157
"927","Male",72.535578705148,205.56178934004
"928","Male",65.7047154221532,170.100563318173
"929","Male",66.4079457853008,181.901814348062
"930","Male",72.4371503978542,210.705601793342
"931","Male",62.4806713089603,160.242238208749
"932","Male",64.3367925900582,175.68327610844
"933","Male",68.2995558065346,182.233359674924
"934","Male",71.6150007183468,208.671871861817
"935","Male",68.7978790473127,186.857838775599
"936","Male",70.8668694250787,199.657175172799
"937","Male",72.3547717597445,224.603654842262
"938","Male",69.0506381923026,191.522274876366
"939","Male",73.884575949743,209.626572419174
"940","Male",67.4532312427657,173.272217789955
"941","Male",69.4892466712537,187.843253324295
"942","Male",61.5141294021722,136.471510645135
"943","Male",68.9334261296966,199.632935051206
"944","Male",65.3273367078766,171.762517973172
"945","Male",69.0857938231438,194.643178186085
"946","Male",70.4741613870774,200.361281966151
"947","Male",68.8293337723017,195.162042097346
"948","Male",70.0486672870582,204.779499250912
"949","Male",64.0426247285427,154.423732932323
"950","Male",64.5872560932148,158.374086948933
"951","Male",70.4289415163797,196.727035125791
"952","Male",63.2308119997902,164.502235058658
"953","Male",71.8102807633512,203.271066643973
"954","Male",68.4148650588014,188.997022977755
"955","Male",70.88614442153,224.695162461364
"956","Male",71.6067398889196,209.964943185152
"957","Male",70.0371582171478,199.499124221591
"958","Male",70.5787602090088,192.503206844985
"959","Male",70.8959825454072,195.601365349029
"960","Male",63.7310481676985,160.344903874399
"961","Male",66.2450648070515,154.588689585938
"962","Male",70.3799320090554,189.717054272321
"963","Male",72.5880210913366,204.343186871633
"964","Male",67.880559193661,175.222847965396
"965","Male",70.0949350684081,196.639266212491
"966","Male",67.1435095657555,165.143923827387
"967","Male",68.1036264821955,186.210891190217
"968","Male",65.9294217100738,168.090412215803
"969","Male",68.4137911385991,194.385230284124
"970","Male",67.6854899419856,178.556922838024
"971","Male",70.4670788540361,197.187532031265
"972","Male",64.7683722627762,169.89873292349
"973","Male",72.3860981627709,212.212518831504
"974","Male",68.6903732515005,200.307314478977
"975","Male",69.284240158114,206.332544990546
"976","Male",73.9722780162461,201.205101528797
"977","Male",66.8571937563683,180.344335374479
"978","Male",66.9276689663426,169.535121116643
"979","Male",68.5365827248447,181.29525646113
"980","Male",65.8692531243916,176.181289497547
"981","Male",70.106640863826,201.879429264648
"982","Male",63.8679209595893,174.473362892894
"983","Male",68.3830240801838,185.845616779891
"984","Male",69.5503763773702,199.807846405863
"985","Male",66.4162258416784,177.676880522868
"986","Male",69.4730963745151,187.120945229628
"987","Male",66.4889289859654,173.3524557636
"988","Male",75.9933603294536,231.347400923535
"989","Male",71.9683056520603,201.528177430467
"990","Male",67.4527672696579,195.154313749051
"991","Male",69.326188964555,177.36358779936
"992","Male",72.9239700895835,204.220209116356
"993","Male",65.0018964277919,157.559024052726
"994","Male",70.4890526389897,174.042609528828
"995","Male",66.4680246923346,180.463827337715
"996","Male",73.5739718915865,199.46931903045
"997","Male",71.9121190113416,204.780910475438
"998","Male",67.6568927918774,192.121523980545
"999","Male",67.5109499047117,182.897360017505
"1000","Male",70.1278873879568,192.081131356246
